quarter,period,state_x,size,frustration,queue,code,fips,unemployment,state,month_
2019-01,Pre,AK,2,6.5,Alaska,AK,2,6.8,Alaska,2019-01
2019-01,Pre,AL,22,3.8636363636363638,Alabama,AL,1,4.3,Alabama,2019-01
2019-01,Pre,AR,6,3.6666666666666665,Arkansas,AR,5,4.4,Arkansas,2019-01
2019-01,Pre,AZ,31,5.67741935483871,Arizona,AZ,4,5.4,Arizona,2019-01
2019-01,Pre,CA,139,4.014388489208633,California,CA,6,4.9,California,2019-01
2019-01,Pre,CO,20,4.8,Colorado,CO,8,3.4,Colorado,2019-01
2019-01,Pre,CT,10,3.5,Connecticut,CT,9,4.5,Connecticut,2019-01
2019-01,Pre,DC,3,5.666666666666667,District of Columbia,DC,11,6.6,District of Columbia,2019-01
2019-01,Pre,DE,4,4.0,Delaware,DE,10,4.1,Delaware,2019-01
2019-01,Pre,FL,73,4.1506849315068495,Florida,FL,12,3.8,Florida,2019-01
2019-01,Pre,GA,43,4.069767441860465,Georgia,GA,13,4.3,Georgia,2019-01
2019-01,Pre,HI,6,4.0,Hawaii,HI,15,2.9,Hawaii,2019-01
2019-01,Pre,IA,15,4.0,Iowa,IA,19,3.6,Iowa,2019-01
2019-01,Pre,ID,7,3.857142857142857,Idaho,ID,16,3.9,Idaho,2019-01
2019-01,Pre,IL,55,5.927272727272728,Illinois,IL,17,5.4,Illinois,2019-01
2019-01,Pre,IN,34,3.911764705882353,Indiana,IN,18,4.0,Indiana,2019-01
2019-01,Pre,KS,13,3.769230769230769,Kansas,KS,20,3.7,Kansas,2019-01
2019-01,Pre,KY,14,3.7142857142857144,Kentucky,KY,21,4.7,Kentucky,2019-01
2019-01,Pre,LA,17,6.176470588235294,Louisiana,LA,22,5.2,Louisiana,2019-01
2019-01,Pre,MA,22,3.772727272727273,Massachusetts,MA,25,4.0,Massachusetts,2019-01
2019-01,Pre,MD,20,4.15,Maryland,MD,24,4.3,Maryland,2019-01
2019-01,Pre,ME,7,3.2857142857142856,Maine,ME,23,3.7,Maine,2019-01
2019-01,Pre,MI,42,3.9761904761904763,Michigan,MI,26,4.8,Michigan,2019-01
2019-01,Pre,MN,35,4.0285714285714285,Minnesota,MN,27,4.2,Minnesota,2019-01
2019-01,Pre,MO,26,4.0,Missouri,MO,29,3.7,Missouri,2019-01
2019-01,Pre,MS,10,6.4,Mississippi,MS,28,5.7,Mississippi,2019-01
2019-01,Pre,MT,7,3.5714285714285716,Montana,MT,30,4.8,Montana,2019-01
2019-01,Pre,NC,46,4.456521739130435,North Carolina,NC,37,4.3,North Carolina,2019-01
2019-01,Pre,ND,3,4.333333333333333,North Dakota,ND,38,3.2,North Dakota,2019-01
2019-01,Pre,NE,9,3.7777777777777777,Nebraska,NE,31,3.6,Nebraska,2019-01
2019-01,Pre,NH,9,3.5555555555555554,New Hampshire,NH,33,3.2,New Hampshire,2019-01
2019-01,Pre,NJ,39,4.128205128205129,New Jersey,NJ,34,4.2,New Jersey,2019-01
2019-01,Pre,NM,12,5.916666666666667,New Mexico,NM,35,5.5,New Mexico,2019-01
2019-01,Pre,NV,15,4.4,Nevada,NV,32,4.7,Nevada,2019-01
2019-01,Pre,NY,78,4.115384615384615,New York,NY,36,4.6,New York,2019-01
2019-01,Pre,OH,41,5.658536585365853,Ohio,OH,39,5.3,Ohio,2019-01
2019-01,Pre,OK,17,4.117647058823529,Oklahoma,OK,40,3.7,Oklahoma,2019-01
2019-01,Pre,OR,14,4.142857142857143,Oregon,OR,41,4.6,Oregon,2019-01
2019-01,Pre,PA,53,3.8867924528301887,Pennsylvania,PA,42,4.8,Pennsylvania,2019-01
2019-01,Pre,RI,3,4.666666666666667,Rhode Island,RI,44,4.7,Rhode Island,2019-01
2019-01,Pre,SC,21,3.380952380952381,South Carolina,SC,45,3.8,South Carolina,2019-01
2019-01,Pre,SD,5,4.0,South Dakota,SD,46,3.5,South Dakota,2019-01
2019-01,Pre,TN,27,3.925925925925926,Tennessee,TN,47,3.9,Tennessee,2019-01
2019-01,Pre,TX,125,4.056,Texas,TX,48,4.2,Texas,2019-01
2019-01,Pre,UT,10,4.8,Utah,UT,49,3.1,Utah,2019-01
2019-01,Pre,VA,33,3.9393939393939394,Virginia,VA,51,3.4,Virginia,2019-01
2019-01,Pre,VT,5,4.4,Vermont,VT,50,2.9,Vermont,2019-01
2019-01,Pre,WA,40,5.975,Washington,WA,53,5.2,Washington,2019-01
2019-01,Pre,WI,20,4.1,Wisconsin,WI,55,3.4,Wisconsin,2019-01
2019-01,Pre,WV,9,6.111111111111111,West Virginia,WV,54,6.1,West Virginia,2019-01
2019-01,Pre,WY,3,3.3333333333333335,Wyoming,WY,56,4.5,Wyoming,2019-01
2019-02,Pre,AK,3,6.333333333333333,Alaska,AK,2,6.3,Alaska,2019-02
2019-02,Pre,AL,23,3.9130434782608696,Alabama,AL,1,3.8,Alabama,2019-02
2019-02,Pre,AR,13,3.3846153846153846,Arkansas,AR,5,4.1,Arkansas,2019-02
2019-02,Pre,AZ,31,3.903225806451613,Arizona,AZ,4,4.8,Arizona,2019-02
2019-02,Pre,CA,163,3.932515337423313,California,CA,6,4.4,California,2019-02
2019-02,Pre,CO,18,3.888888888888889,Colorado,CO,8,3.1,Colorado,2019-02
2019-02,Pre,CT,10,3.8,Connecticut,CT,9,4.1,Connecticut,2019-02
2019-02,Pre,DC,4,5.75,District of Columbia,DC,11,6.0,District of Columbia,2019-02
2019-02,Pre,DE,3,4.333333333333333,Delaware,DE,10,3.7,Delaware,2019-02
2019-02,Pre,FL,82,4.097560975609756,Florida,FL,12,3.3,Florida,2019-02
2019-02,Pre,GA,45,4.2,Georgia,GA,13,3.9,Georgia,2019-02
2019-02,Pre,HI,3,3.6666666666666665,Hawaii,HI,15,2.6,Hawaii,2019-02
2019-02,Pre,IA,12,4.0,Iowa,IA,19,3.1,Iowa,2019-02
2019-02,Pre,ID,12,4.25,Idaho,ID,16,3.5,Idaho,2019-02
2019-02,Pre,IL,45,4.288888888888889,Illinois,IL,17,4.9,Illinois,2019-02
2019-02,Pre,IN,27,4.148148148148148,Indiana,IN,18,3.8,Indiana,2019-02
2019-02,Pre,KS,9,3.4444444444444446,Kansas,KS,20,3.5,Kansas,2019-02
2019-02,Pre,KY,18,4.388888888888889,Kentucky,KY,21,4.6,Kentucky,2019-02
2019-02,Pre,LA,18,4.222222222222222,Louisiana,LA,22,4.2,Louisiana,2019-02
2019-02,Pre,MA,36,3.638888888888889,Massachusetts,MA,25,3.6,Massachusetts,2019-02
2019-02,Pre,MD,23,4.217391304347826,Maryland,MD,24,3.9,Maryland,2019-02
2019-02,Pre,ME,5,4.0,Maine,ME,23,3.5,Maine,2019-02
2019-02,Pre,MI,49,4.1020408163265305,Michigan,MI,26,4.6,Michigan,2019-02
2019-02,Pre,MN,18,4.722222222222222,Minnesota,MN,27,3.9,Minnesota,2019-02
2019-02,Pre,MO,23,3.652173913043478,Missouri,MO,29,3.7,Missouri,2019-02
2019-02,Pre,MS,18,5.833333333333333,Mississippi,MS,28,5.5,Mississippi,2019-02
2019-02,Pre,MT,8,4.625,Montana,MT,30,4.3,Montana,2019-02
2019-02,Pre,NC,46,3.9565217391304346,North Carolina,NC,37,4.0,North Carolina,2019-02
2019-02,Pre,ND,2,3.5,North Dakota,ND,38,3.0,North Dakota,2019-02
2019-02,Pre,NE,8,3.75,Nebraska,NE,31,3.3,Nebraska,2019-02
2019-02,Pre,NH,6,3.8333333333333335,New Hampshire,NH,33,3.1,New Hampshire,2019-02
2019-02,Pre,NJ,39,4.0,New Jersey,NJ,34,4.0,New Jersey,2019-02
2019-02,Pre,NM,10,6.1,New Mexico,NM,35,5.3,New Mexico,2019-02
2019-02,Pre,NV,13,4.230769230769231,Nevada,NV,32,4.2,Nevada,2019-02
2019-02,Pre,NY,74,4.054054054054054,New York,NY,36,4.5,New York,2019-02
2019-02,Pre,OH,44,3.8636363636363638,Ohio,OH,39,4.8,Ohio,2019-02
2019-02,Pre,OK,12,4.416666666666667,Oklahoma,OK,40,3.3,Oklahoma,2019-02
2019-02,Pre,OR,15,4.466666666666667,Oregon,OR,41,4.3,Oregon,2019-02
2019-02,Pre,PA,65,3.7846153846153845,Pennsylvania,PA,42,4.7,Pennsylvania,2019-02
2019-02,Pre,RI,2,5.5,Rhode Island,RI,44,4.3,Rhode Island,2019-02
2019-02,Pre,SC,25,4.16,South Carolina,SC,45,3.4,South Carolina,2019-02
2019-02,Pre,SD,7,4.571428571428571,South Dakota,SD,46,3.5,South Dakota,2019-02
2019-02,Pre,TN,30,4.166666666666667,Tennessee,TN,47,3.5,Tennessee,2019-02
2019-02,Pre,TX,137,4.0510948905109485,Texas,TX,48,3.8,Texas,2019-02
2019-02,Pre,UT,5,4.6,Utah,UT,49,3.0,Utah,2019-02
2019-02,Pre,VA,38,4.131578947368421,Virginia,VA,51,3.1,Virginia,2019-02
2019-02,Pre,VT,4,2.25,Vermont,VT,50,2.4,Vermont,2019-02
2019-02,Pre,WA,29,5.689655172413793,Washington,WA,53,5.2,Washington,2019-02
2019-02,Pre,WI,25,3.84,Wisconsin,WI,55,3.5,Wisconsin,2019-02
2019-02,Pre,WV,4,6.25,West Virginia,WV,54,6.1,West Virginia,2019-02
2019-02,Pre,WY,1,4.0,Wyoming,WY,56,3.9,Wyoming,2019-02
2019-03,Pre,AK,4,6.5,Alaska,AK,2,6.2,Alaska,2019-03
2019-03,Pre,AL,27,4.148148148148148,Alabama,AL,1,3.5,Alabama,2019-03
2019-03,Pre,AR,15,4.666666666666667,Arkansas,AR,5,3.5,Arkansas,2019-03
2019-03,Pre,AZ,35,4.114285714285714,Arizona,AZ,4,4.9,Arizona,2019-03
2019-03,Pre,CA,175,4.228571428571429,California,CA,6,4.5,California,2019-03
2019-03,Pre,CO,26,4.076923076923077,Colorado,CO,8,2.9,Colorado,2019-03
2019-03,Pre,CT,12,3.8333333333333335,Connecticut,CT,9,3.9,Connecticut,2019-03
2019-03,Pre,DC,3,6.666666666666667,District of Columbia,DC,11,5.6,District of Columbia,2019-03
2019-03,Pre,DE,5,3.2,Delaware,DE,10,3.6,Delaware,2019-03
2019-03,Pre,FL,115,4.078260869565217,Florida,FL,12,3.2,Florida,2019-03
2019-03,Pre,GA,44,4.204545454545454,Georgia,GA,13,3.7,Georgia,2019-03
2019-03,Pre,HI,5,2.2,Hawaii,HI,15,2.5,Hawaii,2019-03
2019-03,Pre,IA,14,3.7142857142857144,Iowa,IA,19,3.3,Iowa,2019-03
2019-03,Pre,ID,9,4.111111111111111,Idaho,ID,16,3.3,Idaho,2019-03
2019-03,Pre,IL,59,3.9491525423728815,Illinois,IL,17,4.6,Illinois,2019-03
2019-03,Pre,IN,19,4.0,Indiana,IN,18,3.6,Indiana,2019-03
2019-03,Pre,KS,15,3.8,Kansas,KS,20,3.4,Kansas,2019-03
2019-03,Pre,KY,22,3.9545454545454546,Kentucky,KY,21,4.7,Kentucky,2019-03
2019-03,Pre,LA,13,3.8461538461538463,Louisiana,LA,22,4.0,Louisiana,2019-03
2019-03,Pre,MA,30,4.033333333333333,Massachusetts,MA,25,3.4,Massachusetts,2019-03
2019-03,Pre,MD,31,4.032258064516129,Maryland,MD,24,3.6,Maryland,2019-03
2019-03,Pre,ME,5,3.6,Maine,ME,23,3.2,Maine,2019-03
2019-03,Pre,MI,44,4.568181818181818,Michigan,MI,26,4.8,Michigan,2019-03
2019-03,Pre,MN,24,3.7083333333333335,Minnesota,MN,27,3.9,Minnesota,2019-03
2019-03,Pre,MO,28,4.392857142857143,Missouri,MO,29,3.6,Missouri,2019-03
2019-03,Pre,MS,10,5.7,Mississippi,MS,28,5.2,Mississippi,2019-03
2019-03,Pre,MT,4,4.75,Montana,MT,30,4.4,Montana,2019-03
2019-03,Pre,NC,47,4.0,North Carolina,NC,37,3.9,North Carolina,2019-03
2019-03,Pre,ND,1,4.0,North Dakota,ND,38,3.0,North Dakota,2019-03
2019-03,Pre,NE,9,3.6666666666666665,Nebraska,NE,31,3.3,Nebraska,2019-03
2019-03,Pre,NH,11,4.363636363636363,New Hampshire,NH,33,3.0,New Hampshire,2019-03
2019-03,Pre,NJ,38,4.026315789473684,New Jersey,NJ,34,3.6,New Jersey,2019-03
2019-03,Pre,NM,10,4.2,New Mexico,NM,35,4.9,New Mexico,2019-03
2019-03,Pre,NV,10,3.4,Nevada,NV,32,4.1,Nevada,2019-03
2019-03,Pre,NY,112,3.9910714285714284,New York,NY,36,4.1,New York,2019-03
2019-03,Pre,OH,64,4.078125,Ohio,OH,39,4.3,Ohio,2019-03
2019-03,Pre,OK,12,4.416666666666667,Oklahoma,OK,40,3.1,Oklahoma,2019-03
2019-03,Pre,OR,16,4.1875,Oregon,OR,41,4.4,Oregon,2019-03
2019-03,Pre,PA,66,3.9242424242424243,Pennsylvania,PA,42,4.5,Pennsylvania,2019-03
2019-03,Pre,RI,4,3.25,Rhode Island,RI,44,3.9,Rhode Island,2019-03
2019-03,Pre,SC,22,3.8636363636363638,South Carolina,SC,45,3.3,South Carolina,2019-03
2019-03,Pre,SD,3,3.3333333333333335,South Dakota,SD,46,3.5,South Dakota,2019-03
2019-03,Pre,TN,23,3.9565217391304346,Tennessee,TN,47,3.4,Tennessee,2019-03
2019-03,Pre,TX,126,4.0476190476190474,Texas,TX,48,3.5,Texas,2019-03
2019-03,Pre,UT,11,3.272727272727273,Utah,UT,49,2.9,Utah,2019-03
2019-03,Pre,VA,37,4.216216216216216,Virginia,VA,51,2.9,Virginia,2019-03
2019-03,Pre,VT,3,3.3333333333333335,Vermont,VT,50,2.5,Vermont,2019-03
2019-03,Pre,WA,29,3.8620689655172415,Washington,WA,53,4.8,Washington,2019-03
2019-03,Pre,WI,29,4.655172413793103,Wisconsin,WI,55,3.6,Wisconsin,2019-03
2019-03,Pre,WV,3,6.0,West Virginia,WV,54,5.5,West Virginia,2019-03
2019-03,Pre,WY,1,4.0,Wyoming,WY,56,4.0,Wyoming,2019-03
2019-04,Pre,AK,3,5.666666666666667,Alaska,AK,2,5.4,Alaska,2019-04
2019-04,Pre,AL,15,4.4,Alabama,AL,1,2.7,Alabama,2019-04
2019-04,Pre,AR,12,3.5,Arkansas,AR,5,2.9,Arkansas,2019-04
2019-04,Pre,AZ,26,4.076923076923077,Arizona,AZ,4,4.6,Arizona,2019-04
2019-04,Pre,CA,181,4.099447513812155,California,CA,6,3.9,California,2019-04
2019-04,Pre,CO,29,4.0,Colorado,CO,8,2.6,Colorado,2019-04
2019-04,Pre,CT,18,3.888888888888889,Connecticut,CT,9,3.2,Connecticut,2019-04
2019-04,Pre,DC,4,3.25,District of Columbia,DC,11,4.8,District of Columbia,2019-04
2019-04,Pre,DE,8,3.75,Delaware,DE,10,3.2,Delaware,2019-04
2019-04,Pre,FL,101,4.178217821782178,Florida,FL,12,2.9,Florida,2019-04
2019-04,Pre,GA,37,4.054054054054054,Georgia,GA,13,3.2,Georgia,2019-04
2019-04,Pre,HI,3,2.0,Hawaii,HI,15,2.4,Hawaii,2019-04
2019-04,Pre,IA,17,2.588235294117647,Iowa,IA,19,2.5,Iowa,2019-04
2019-04,Pre,ID,8,3.875,Idaho,ID,16,2.8,Idaho,2019-04
2019-04,Pre,IL,49,3.979591836734694,Illinois,IL,17,3.9,Illinois,2019-04
2019-04,Pre,IN,29,4.344827586206897,Indiana,IN,18,2.8,Indiana,2019-04
2019-04,Pre,KS,18,4.388888888888889,Kansas,KS,20,2.8,Kansas,2019-04
2019-04,Pre,KY,17,4.235294117647059,Kentucky,KY,21,3.8,Kentucky,2019-04
2019-04,Pre,LA,17,3.9411764705882355,Louisiana,LA,22,3.7,Louisiana,2019-04
2019-04,Pre,MA,38,4.2631578947368425,Massachusetts,MA,25,2.8,Massachusetts,2019-04
2019-04,Pre,MD,25,3.88,Maryland,MD,24,3.1,Maryland,2019-04
2019-04,Pre,ME,9,3.6666666666666665,Maine,ME,23,2.8,Maine,2019-04
2019-04,Pre,MI,48,4.208333333333333,Michigan,MI,26,3.8,Michigan,2019-04
2019-04,Pre,MN,18,3.5,Minnesota,MN,27,3.1,Minnesota,2019-04
2019-04,Pre,MO,31,4.032258064516129,Missouri,MO,29,2.8,Missouri,2019-04
2019-04,Pre,MS,15,4.066666666666666,Mississippi,MS,28,4.9,Mississippi,2019-04
2019-04,Pre,MT,5,4.0,Montana,MT,30,3.5,Montana,2019-04
2019-04,Pre,NC,46,3.847826086956522,North Carolina,NC,37,3.5,North Carolina,2019-04
2019-04,Pre,ND,7,3.0,North Dakota,ND,38,2.4,North Dakota,2019-04
2019-04,Pre,NE,7,3.857142857142857,Nebraska,NE,31,2.8,Nebraska,2019-04
2019-04,Pre,NH,5,3.0,New Hampshire,NH,33,2.5,New Hampshire,2019-04
2019-04,Pre,NJ,28,3.7857142857142856,New Jersey,NJ,34,2.9,New Jersey,2019-04
2019-04,Pre,NM,9,4.333333333333333,New Mexico,NM,35,4.6,New Mexico,2019-04
2019-04,Pre,NV,12,4.0,Nevada,NV,32,3.8,Nevada,2019-04
2019-04,Pre,NY,108,4.203703703703703,New York,NY,36,3.5,New York,2019-04
2019-04,Pre,OH,43,3.9767441860465116,Ohio,OH,39,3.6,Ohio,2019-04
2019-04,Pre,OK,21,4.0,Oklahoma,OK,40,2.6,Oklahoma,2019-04
2019-04,Pre,OR,20,4.05,Oregon,OR,41,3.7,Oregon,2019-04
2019-04,Pre,PA,50,3.86,Pennsylvania,PA,42,3.8,Pennsylvania,2019-04
2019-04,Pre,RI,6,3.8333333333333335,Rhode Island,RI,44,3.2,Rhode Island,2019-04
2019-04,Pre,SC,20,3.55,South Carolina,SC,45,2.6,South Carolina,2019-04
2019-04,Pre,SD,1,4.0,South Dakota,SD,46,3.0,South Dakota,2019-04
2019-04,Pre,TN,31,4.0,Tennessee,TN,47,2.9,Tennessee,2019-04
2019-04,Pre,TX,133,4.323308270676692,Texas,TX,48,3.1,Texas,2019-04
2019-04,Pre,UT,13,2.5384615384615383,Utah,UT,49,2.5,Utah,2019-04
2019-04,Pre,VA,27,2.7037037037037037,Virginia,VA,51,2.4,Virginia,2019-04
2019-04,Pre,VT,5,2.6,Vermont,VT,50,2.4,Vermont,2019-04
2019-04,Pre,WA,32,4.0,Washington,WA,53,3.9,Washington,2019-04
2019-04,Pre,WI,25,4.28,Wisconsin,WI,55,3.1,Wisconsin,2019-04
2019-04,Pre,WV,8,3.875,West Virginia,WV,54,4.5,West Virginia,2019-04
2019-04,Pre,WY,2,4.5,Wyoming,WY,56,3.4,Wyoming,2019-04
2019-05,Pre,AK,2,5.5,Alaska,AK,2,5.3,Alaska,2019-05
2019-05,Pre,AL,18,4.277777777777778,Alabama,AL,1,2.6,Alabama,2019-05
2019-05,Pre,AR,8,3.75,Arkansas,AR,5,3.3,Arkansas,2019-05
2019-05,Pre,AZ,27,3.962962962962963,Arizona,AZ,4,4.7,Arizona,2019-05
2019-05,Pre,CA,152,4.0855263157894735,California,CA,6,3.7,California,2019-05
2019-05,Pre,CO,22,2.5454545454545454,Colorado,CO,8,2.4,Colorado,2019-05
2019-05,Pre,CT,11,4.363636363636363,Connecticut,CT,9,3.5,Connecticut,2019-05
2019-05,Pre,DC,2,6.0,District of Columbia,DC,11,5.1,District of Columbia,2019-05
2019-05,Pre,DE,3,4.666666666666667,Delaware,DE,10,3.1,Delaware,2019-05
2019-05,Pre,FL,106,4.2075471698113205,Florida,FL,12,3.1,Florida,2019-05
2019-05,Pre,GA,48,4.125,Georgia,GA,13,3.4,Georgia,2019-05
2019-05,Pre,HI,4,2.0,Hawaii,HI,15,2.3,Hawaii,2019-05
2019-05,Pre,IA,14,2.5,Iowa,IA,19,2.4,Iowa,2019-05
2019-05,Pre,ID,7,2.2857142857142856,Idaho,ID,16,2.4,Idaho,2019-05
2019-05,Pre,IL,52,4.1923076923076925,Illinois,IL,17,3.5,Illinois,2019-05
2019-05,Pre,IN,39,3.6923076923076925,Indiana,IN,18,2.9,Indiana,2019-05
2019-05,Pre,KS,11,3.4545454545454546,Kansas,KS,20,3.0,Kansas,2019-05
2019-05,Pre,KY,15,3.933333333333333,Kentucky,KY,21,4.0,Kentucky,2019-05
2019-05,Pre,LA,22,4.2727272727272725,Louisiana,LA,22,4.2,Louisiana,2019-05
2019-05,Pre,MA,29,4.0344827586206895,Massachusetts,MA,25,2.9,Massachusetts,2019-05
2019-05,Pre,MD,35,4.0,Maryland,MD,24,3.3,Maryland,2019-05
2019-05,Pre,ME,3,3.0,Maine,ME,23,2.6,Maine,2019-05
2019-05,Pre,MI,31,3.838709677419355,Michigan,MI,26,3.8,Michigan,2019-05
2019-05,Pre,MN,31,4.0,Minnesota,MN,27,2.7,Minnesota,2019-05
2019-05,Pre,MO,16,4.1875,Missouri,MO,29,3.0,Missouri,2019-05
2019-05,Pre,MS,11,5.818181818181818,Mississippi,MS,28,5.2,Mississippi,2019-05
2019-05,Pre,MT,2,4.5,Montana,MT,30,3.0,Montana,2019-05
2019-05,Pre,NC,46,3.739130434782609,North Carolina,NC,37,3.9,North Carolina,2019-05
2019-05,Pre,ND,2,2.0,North Dakota,ND,38,2.0,North Dakota,2019-05
2019-05,Pre,NE,8,4.0,Nebraska,NE,31,2.9,Nebraska,2019-05
2019-05,Pre,NH,4,2.0,New Hampshire,NH,33,2.5,New Hampshire,2019-05
2019-05,Pre,NJ,40,3.525,New Jersey,NJ,34,3.0,New Jersey,2019-05
2019-05,Pre,NM,9,4.333333333333333,New Mexico,NM,35,4.6,New Mexico,2019-05
2019-05,Pre,NV,12,4.583333333333333,Nevada,NV,32,3.8,Nevada,2019-05
2019-05,Pre,NY,83,4.120481927710843,New York,NY,36,3.5,New York,2019-05
2019-05,Pre,OH,48,4.0,Ohio,OH,39,3.8,Ohio,2019-05
2019-05,Pre,OK,20,4.4,Oklahoma,OK,40,3.0,Oklahoma,2019-05
2019-05,Pre,OR,19,3.736842105263158,Oregon,OR,41,3.3,Oregon,2019-05
2019-05,Pre,PA,72,3.986111111111111,Pennsylvania,PA,42,4.2,Pennsylvania,2019-05
2019-05,Pre,RI,1,3.0,Rhode Island,RI,44,3.3,Rhode Island,2019-05
2019-05,Pre,SC,12,4.666666666666667,South Carolina,SC,45,2.7,South Carolina,2019-05
2019-05,Pre,SD,4,4.25,South Dakota,SD,46,2.8,South Dakota,2019-05
2019-05,Pre,TN,22,4.318181818181818,Tennessee,TN,47,3.1,Tennessee,2019-05
2019-05,Pre,TX,119,4.067226890756302,Texas,TX,48,3.1,Texas,2019-05
2019-05,Pre,UT,14,2.4285714285714284,Utah,UT,49,2.5,Utah,2019-05
2019-05,Pre,VA,31,3.967741935483871,Virginia,VA,51,2.6,Virginia,2019-05
2019-05,Pre,VT,1,3.0,Vermont,VT,50,2.1,Vermont,2019-05
2019-05,Pre,WA,32,3.875,Washington,WA,53,3.9,Washington,2019-05
2019-05,Pre,WI,25,4.56,Wisconsin,WI,55,3.1,Wisconsin,2019-05
2019-05,Pre,WV,11,4.090909090909091,West Virginia,WV,54,4.5,West Virginia,2019-05
2019-05,Pre,WY,4,4.25,Wyoming,WY,56,3.3,Wyoming,2019-05
2019-06,Pre,AL,19,3.8421052631578947,Alabama,AL,1,3.3,Alabama,2019-06
2019-06,Pre,AR,15,3.933333333333333,Arkansas,AR,5,3.7,Arkansas,2019-06
2019-06,Pre,AZ,30,5.966666666666667,Arizona,AZ,4,5.2,Arizona,2019-06
2019-06,Pre,CA,144,3.951388888888889,California,CA,6,4.2,California,2019-06
2019-06,Pre,CO,25,4.4,Colorado,CO,8,2.8,Colorado,2019-06
2019-06,Pre,CT,9,4.111111111111111,Connecticut,CT,9,3.7,Connecticut,2019-06
2019-06,Pre,DC,1,7.0,District of Columbia,DC,11,5.7,District of Columbia,2019-06
2019-06,Pre,DE,3,4.0,Delaware,DE,10,3.8,Delaware,2019-06
2019-06,Pre,FL,80,3.9375,Florida,FL,12,3.5,Florida,2019-06
2019-06,Pre,GA,50,3.86,Georgia,GA,13,3.8,Georgia,2019-06
2019-06,Pre,HI,2,4.0,Hawaii,HI,15,3.1,Hawaii,2019-06
2019-06,Pre,IA,14,4.0,Iowa,IA,19,2.8,Iowa,2019-06
2019-06,Pre,ID,7,2.5714285714285716,Idaho,ID,16,2.5,Idaho,2019-06
2019-06,Pre,IL,49,4.1020408163265305,Illinois,IL,17,4.1,Illinois,2019-06
2019-06,Pre,IN,24,3.9166666666666665,Indiana,IN,18,3.3,Indiana,2019-06
2019-06,Pre,KS,12,4.083333333333333,Kansas,KS,20,3.2,Kansas,2019-06
2019-06,Pre,KY,22,4.2272727272727275,Kentucky,KY,21,4.6,Kentucky,2019-06
2019-06,Pre,LA,14,6.0,Louisiana,LA,22,5.4,Louisiana,2019-06
2019-06,Pre,MA,19,4.2105263157894735,Massachusetts,MA,25,3.2,Massachusetts,2019-06
2019-06,Pre,MD,22,4.0,Maryland,MD,24,3.8,Maryland,2019-06
2019-06,Pre,ME,6,2.3333333333333335,Maine,ME,23,2.5,Maine,2019-06
2019-06,Pre,MI,33,3.606060606060606,Michigan,MI,26,4.3,Michigan,2019-06
2019-06,Pre,MN,33,4.121212121212121,Minnesota,MN,27,3.2,Minnesota,2019-06
2019-06,Pre,MO,27,4.111111111111111,Missouri,MO,29,3.4,Missouri,2019-06
2019-06,Pre,MS,18,5.888888888888889,Mississippi,MS,28,6.6,Mississippi,2019-06
2019-06,Pre,MT,3,3.6666666666666665,Montana,MT,30,3.5,Montana,2019-06
2019-06,Pre,NC,43,4.3023255813953485,North Carolina,NC,37,4.1,North Carolina,2019-06
2019-06,Pre,ND,3,3.3333333333333335,North Dakota,ND,38,2.6,North Dakota,2019-06
2019-06,Pre,NE,8,3.5,Nebraska,NE,31,3.2,Nebraska,2019-06
2019-06,Pre,NH,2,2.5,New Hampshire,NH,33,2.5,New Hampshire,2019-06
2019-06,Pre,NJ,32,4.375,New Jersey,NJ,34,3.2,New Jersey,2019-06
2019-06,Pre,NM,11,6.0,New Mexico,NM,35,5.7,New Mexico,2019-06
2019-06,Pre,NV,13,4.230769230769231,Nevada,NV,32,4.1,Nevada,2019-06
2019-06,Pre,NY,76,4.184210526315789,New York,NY,36,3.7,New York,2019-06
2019-06,Pre,OH,43,4.093023255813954,Ohio,OH,39,4.4,Ohio,2019-06
2019-06,Pre,OK,15,4.133333333333334,Oklahoma,OK,40,3.3,Oklahoma,2019-06
2019-06,Pre,OR,14,4.285714285714286,Oregon,OR,41,3.9,Oregon,2019-06
2019-06,Pre,PA,42,3.880952380952381,Pennsylvania,PA,42,4.5,Pennsylvania,2019-06
2019-06,Pre,RI,3,3.0,Rhode Island,RI,44,3.4,Rhode Island,2019-06
2019-06,Pre,SC,18,4.0,South Carolina,SC,45,3.0,South Carolina,2019-06
2019-06,Pre,SD,2,3.5,South Dakota,SD,46,2.9,South Dakota,2019-06
2019-06,Pre,TN,32,3.875,Tennessee,TN,47,3.8,Tennessee,2019-06
2019-06,Pre,TX,105,3.9238095238095236,Texas,TX,48,3.8,Texas,2019-06
2019-06,Pre,UT,8,3.75,Utah,UT,49,2.8,Utah,2019-06
2019-06,Pre,VA,27,3.814814814814815,Virginia,VA,51,2.8,Virginia,2019-06
2019-06,Pre,VT,1,2.0,Vermont,VT,50,2.3,Vermont,2019-06
2019-06,Pre,WA,27,4.037037037037037,Washington,WA,53,4.0,Washington,2019-06
2019-06,Pre,WI,22,4.045454545454546,Wisconsin,WI,55,3.8,Wisconsin,2019-06
2019-06,Pre,WV,6,5.833333333333333,West Virginia,WV,54,5.1,West Virginia,2019-06
2019-06,Pre,WY,6,3.8333333333333335,Wyoming,WY,56,3.7,Wyoming,2019-06
2019-07,Pre,AK,1,7.0,Alaska,AK,2,5.1,Alaska,2019-07
2019-07,Pre,AL,20,4.15,Alabama,AL,1,3.2,Alabama,2019-07
2019-07,Pre,AR,16,4.625,Arkansas,AR,5,4.1,Arkansas,2019-07
2019-07,Pre,AZ,36,5.75,Arizona,AZ,4,5.3,Arizona,2019-07
2019-07,Pre,CA,176,4.056818181818182,California,CA,6,4.5,California,2019-07
2019-07,Pre,CO,27,3.925925925925926,Colorado,CO,8,2.6,Colorado,2019-07
2019-07,Pre,CT,23,3.869565217391304,Connecticut,CT,9,3.8,Connecticut,2019-07
2019-07,Pre,DC,4,6.0,District of Columbia,DC,11,5.9,District of Columbia,2019-07
2019-07,Pre,DE,2,4.0,Delaware,DE,10,4.0,Delaware,2019-07
2019-07,Pre,FL,95,4.073684210526316,Florida,FL,12,3.6,Florida,2019-07
2019-07,Pre,GA,36,3.861111111111111,Georgia,GA,13,3.9,Georgia,2019-07
2019-07,Pre,HI,7,4.142857142857143,Hawaii,HI,15,2.6,Hawaii,2019-07
2019-07,Pre,IA,15,4.266666666666667,Iowa,IA,19,2.8,Iowa,2019-07
2019-07,Pre,ID,10,4.2,Idaho,ID,16,2.7,Idaho,2019-07
2019-07,Pre,IL,58,3.9827586206896552,Illinois,IL,17,4.2,Illinois,2019-07
2019-07,Pre,IN,22,3.909090909090909,Indiana,IN,18,3.4,Indiana,2019-07
2019-07,Pre,KS,11,4.454545454545454,Kansas,KS,20,3.9,Kansas,2019-07
2019-07,Pre,KY,23,3.9565217391304346,Kentucky,KY,21,4.7,Kentucky,2019-07
2019-07,Pre,LA,19,5.684210526315789,Louisiana,LA,22,5.3,Louisiana,2019-07
2019-07,Pre,MA,24,3.8333333333333335,Massachusetts,MA,25,3.2,Massachusetts,2019-07
2019-07,Pre,MD,26,4.269230769230769,Maryland,MD,24,3.8,Maryland,2019-07
2019-07,Pre,ME,3,5.333333333333333,Maine,ME,23,2.6,Maine,2019-07
2019-07,Pre,MI,40,4.35,Michigan,MI,26,5.0,Michigan,2019-07
2019-07,Pre,MN,18,4.333333333333333,Minnesota,MN,27,3.1,Minnesota,2019-07
2019-07,Pre,MO,29,4.103448275862069,Missouri,MO,29,3.7,Missouri,2019-07
2019-07,Pre,MS,14,6.071428571428571,Mississippi,MS,28,6.7,Mississippi,2019-07
2019-07,Pre,MT,4,4.25,Montana,MT,30,3.3,Montana,2019-07
2019-07,Pre,NC,44,3.8636363636363638,North Carolina,NC,37,4.1,North Carolina,2019-07
2019-07,Pre,ND,3,3.6666666666666665,North Dakota,ND,38,2.3,North Dakota,2019-07
2019-07,Pre,NE,9,3.888888888888889,Nebraska,NE,31,3.3,Nebraska,2019-07
2019-07,Pre,NH,7,3.857142857142857,New Hampshire,NH,33,2.6,New Hampshire,2019-07
2019-07,Pre,NJ,45,3.911111111111111,New Jersey,NJ,34,3.8,New Jersey,2019-07
2019-07,Pre,NM,10,6.1,New Mexico,NM,35,5.8,New Mexico,2019-07
2019-07,Pre,NV,13,3.8461538461538463,Nevada,NV,32,4.1,Nevada,2019-07
2019-07,Pre,NY,84,3.9404761904761907,New York,NY,36,4.0,New York,2019-07
2019-07,Pre,OH,45,3.8666666666666667,Ohio,OH,39,4.5,Ohio,2019-07
2019-07,Pre,OK,16,4.1875,Oklahoma,OK,40,3.3,Oklahoma,2019-07
2019-07,Pre,OR,28,4.357142857142857,Oregon,OR,41,4.1,Oregon,2019-07
2019-07,Pre,PA,50,4.1,Pennsylvania,PA,42,5.0,Pennsylvania,2019-07
2019-07,Pre,RI,4,4.5,Rhode Island,RI,44,3.9,Rhode Island,2019-07
2019-07,Pre,SC,24,4.5,South Carolina,SC,45,2.8,South Carolina,2019-07
2019-07,Pre,SD,5,3.4,South Dakota,SD,46,2.8,South Dakota,2019-07
2019-07,Pre,TN,27,3.6666666666666665,Tennessee,TN,47,3.8,Tennessee,2019-07
2019-07,Pre,TX,106,4.2075471698113205,Texas,TX,48,3.8,Texas,2019-07
2019-07,Pre,UT,11,3.8181818181818183,Utah,UT,49,2.6,Utah,2019-07
2019-07,Pre,VA,38,3.8421052631578947,Virginia,VA,51,2.8,Virginia,2019-07
2019-07,Pre,VT,5,2.6,Vermont,VT,50,2.3,Vermont,2019-07
2019-07,Pre,WA,37,4.135135135135135,Washington,WA,53,4.1,Washington,2019-07
2019-07,Pre,WI,23,4.6521739130434785,Wisconsin,WI,55,3.5,Wisconsin,2019-07
2019-07,Pre,WV,5,4.2,West Virginia,WV,54,4.9,West Virginia,2019-07
2019-07,Pre,WY,2,3.5,Wyoming,WY,56,3.8,Wyoming,2019-07
2019-08,Pre,AK,3,3.6666666666666665,Alaska,AK,2,4.8,Alaska,2019-08
2019-08,Pre,AL,21,3.619047619047619,Alabama,AL,1,3.0,Alabama,2019-08
2019-08,Pre,AR,20,4.2,Arkansas,AR,5,3.6,Arkansas,2019-08
2019-08,Pre,AZ,29,6.206896551724138,Arizona,AZ,4,5.2,Arizona,2019-08
2019-08,Pre,CA,153,4.084967320261438,California,CA,6,4.3,California,2019-08
2019-08,Pre,CO,23,3.8260869565217392,Colorado,CO,8,2.6,Colorado,2019-08
2019-08,Pre,CT,16,3.9375,Connecticut,CT,9,3.7,Connecticut,2019-08
2019-08,Pre,DC,2,5.0,District of Columbia,DC,11,5.6,District of Columbia,2019-08
2019-08,Pre,DE,6,4.0,Delaware,DE,10,4.1,Delaware,2019-08
2019-08,Pre,FL,89,4.0,Florida,FL,12,3.6,Florida,2019-08
2019-08,Pre,GA,38,4.052631578947368,Georgia,GA,13,3.7,Georgia,2019-08
2019-08,Pre,HI,3,3.0,Hawaii,HI,15,2.4,Hawaii,2019-08
2019-08,Pre,IA,18,4.055555555555555,Iowa,IA,19,2.8,Iowa,2019-08
2019-08,Pre,ID,6,3.6666666666666665,Idaho,ID,16,2.6,Idaho,2019-08
2019-08,Pre,IL,55,3.981818181818182,Illinois,IL,17,3.9,Illinois,2019-08
2019-08,Pre,IN,20,4.25,Indiana,IN,18,3.2,Indiana,2019-08
2019-08,Pre,KS,10,3.8,Kansas,KS,20,3.4,Kansas,2019-08
2019-08,Pre,KY,26,4.038461538461538,Kentucky,KY,21,4.0,Kentucky,2019-08
2019-08,Pre,LA,25,5.92,Louisiana,LA,22,5.1,Louisiana,2019-08
2019-08,Pre,MA,17,4.411764705882353,Massachusetts,MA,25,2.9,Massachusetts,2019-08
2019-08,Pre,MD,31,3.774193548387097,Maryland,MD,24,3.7,Maryland,2019-08
2019-08,Pre,ME,5,2.0,Maine,ME,23,2.3,Maine,2019-08
2019-08,Pre,MI,27,3.888888888888889,Michigan,MI,26,4.2,Michigan,2019-08
2019-08,Pre,MN,24,3.875,Minnesota,MN,27,3.0,Minnesota,2019-08
2019-08,Pre,MO,22,4.0,Missouri,MO,29,3.5,Missouri,2019-08
2019-08,Pre,MS,13,6.0,Mississippi,MS,28,6.0,Mississippi,2019-08
2019-08,Pre,MT,7,4.142857142857143,Montana,MT,30,3.3,Montana,2019-08
2019-08,Pre,NC,34,4.088235294117647,North Carolina,NC,37,4.1,North Carolina,2019-08
2019-08,Pre,ND,4,2.5,North Dakota,ND,38,2.2,North Dakota,2019-08
2019-08,Pre,NE,7,3.857142857142857,Nebraska,NE,31,3.0,Nebraska,2019-08
2019-08,Pre,NH,3,3.6666666666666665,New Hampshire,NH,33,2.6,New Hampshire,2019-08
2019-08,Pre,NJ,35,4.085714285714285,New Jersey,NJ,34,3.5,New Jersey,2019-08
2019-08,Pre,NM,12,5.666666666666667,New Mexico,NM,35,5.1,New Mexico,2019-08
2019-08,Pre,NV,15,4.066666666666666,Nevada,NV,32,3.9,Nevada,2019-08
2019-08,Pre,NY,78,4.038461538461538,New York,NY,36,4.0,New York,2019-08
2019-08,Pre,OH,52,3.9615384615384617,Ohio,OH,39,4.1,Ohio,2019-08
2019-08,Pre,OK,8,3.25,Oklahoma,OK,40,3.1,Oklahoma,2019-08
2019-08,Pre,OR,24,3.7916666666666665,Oregon,OR,41,4.0,Oregon,2019-08
2019-08,Pre,PA,47,4.212765957446808,Pennsylvania,PA,42,4.8,Pennsylvania,2019-08
2019-08,Pre,RI,3,3.6666666666666665,Rhode Island,RI,44,3.9,Rhode Island,2019-08
2019-08,Pre,SC,17,4.117647058823529,South Carolina,SC,45,2.6,South Carolina,2019-08
2019-08,Pre,SD,2,3.5,South Dakota,SD,46,3.0,South Dakota,2019-08
2019-08,Pre,TN,25,4.2,Tennessee,TN,47,3.4,Tennessee,2019-08
2019-08,Pre,TX,88,4.0,Texas,TX,48,3.7,Texas,2019-08
2019-08,Pre,UT,16,4.5625,Utah,UT,49,2.6,Utah,2019-08
2019-08,Pre,VA,36,3.7222222222222223,Virginia,VA,51,2.8,Virginia,2019-08
2019-08,Pre,VT,4,2.75,Vermont,VT,50,2.2,Vermont,2019-08
2019-08,Pre,WA,29,4.413793103448276,Washington,WA,53,4.0,Washington,2019-08
2019-08,Pre,WI,25,4.08,Wisconsin,WI,55,3.4,Wisconsin,2019-08
2019-08,Pre,WV,4,4.75,West Virginia,WV,54,4.9,West Virginia,2019-08
2019-08,Pre,WY,3,4.666666666666667,Wyoming,WY,56,3.4,Wyoming,2019-08
2019-09,Pre,AL,18,3.888888888888889,Alabama,AL,1,2.6,Alabama,2019-09
2019-09,Pre,AR,11,3.0,Arkansas,AR,5,3.2,Arkansas,2019-09
2019-09,Pre,AZ,26,4.038461538461538,Arizona,AZ,4,4.6,Arizona,2019-09
2019-09,Pre,CA,145,4.082758620689655,California,CA,6,3.7,California,2019-09
2019-09,Pre,CO,30,2.566666666666667,Colorado,CO,8,2.3,Colorado,2019-09
2019-09,Pre,CT,17,3.588235294117647,Connecticut,CT,9,3.3,Connecticut,2019-09
2019-09,Pre,DC,2,3.0,District of Columbia,DC,11,4.9,District of Columbia,2019-09
2019-09,Pre,DE,4,4.5,Delaware,DE,10,3.5,Delaware,2019-09
2019-09,Pre,FL,66,3.893939393939394,Florida,FL,12,3.2,Florida,2019-09
2019-09,Pre,GA,51,4.03921568627451,Georgia,GA,13,3.2,Georgia,2019-09
2019-09,Pre,HI,7,2.7142857142857144,Hawaii,HI,15,2.5,Hawaii,2019-09
2019-09,Pre,IA,17,2.0588235294117645,Iowa,IA,19,2.4,Iowa,2019-09
2019-09,Pre,ID,6,2.8333333333333335,Idaho,ID,16,2.2,Idaho,2019-09
2019-09,Pre,IL,58,4.017241379310345,Illinois,IL,17,3.5,Illinois,2019-09
2019-09,Pre,IN,27,4.0,Indiana,IN,18,2.8,Indiana,2019-09
2019-09,Pre,KS,16,4.1875,Kansas,KS,20,2.7,Kansas,2019-09
2019-09,Pre,KY,17,4.0588235294117645,Kentucky,KY,21,3.6,Kentucky,2019-09
2019-09,Pre,LA,15,4.066666666666666,Louisiana,LA,22,4.7,Louisiana,2019-09
2019-09,Pre,MA,30,4.1,Massachusetts,MA,25,2.8,Massachusetts,2019-09
2019-09,Pre,MD,40,4.1,Maryland,MD,24,3.1,Maryland,2019-09
2019-09,Pre,ME,7,2.7142857142857144,Maine,ME,23,2.3,Maine,2019-09
2019-09,Pre,MI,39,4.128205128205129,Michigan,MI,26,3.6,Michigan,2019-09
2019-09,Pre,MN,34,2.3529411764705883,Minnesota,MN,27,2.5,Minnesota,2019-09
2019-09,Pre,MO,25,4.0,Missouri,MO,29,2.8,Missouri,2019-09
2019-09,Pre,MS,17,5.764705882352941,Mississippi,MS,28,5.4,Mississippi,2019-09
2019-09,Pre,MT,2,5.0,Montana,MT,30,2.9,Montana,2019-09
2019-09,Pre,NC,42,4.0,North Carolina,NC,37,3.4,North Carolina,2019-09
2019-09,Pre,ND,2,2.5,North Dakota,ND,38,1.7,North Dakota,2019-09
2019-09,Pre,NE,12,4.75,Nebraska,NE,31,2.6,Nebraska,2019-09
2019-09,Pre,NH,3,2.3333333333333335,New Hampshire,NH,33,2.3,New Hampshire,2019-09
2019-09,Pre,NJ,30,3.9,New Jersey,NJ,34,3.2,New Jersey,2019-09
2019-09,Pre,NM,9,3.5555555555555554,New Mexico,NM,35,4.6,New Mexico,2019-09
2019-09,Pre,NV,11,4.090909090909091,Nevada,NV,32,3.6,Nevada,2019-09
2019-09,Pre,NY,85,4.047058823529412,New York,NY,36,3.5,New York,2019-09
2019-09,Pre,OH,45,4.222222222222222,Ohio,OH,39,3.8,Ohio,2019-09
2019-09,Pre,OK,17,3.764705882352941,Oklahoma,OK,40,2.9,Oklahoma,2019-09
2019-09,Pre,OR,13,4.538461538461538,Oregon,OR,41,3.3,Oregon,2019-09
2019-09,Pre,PA,52,3.9615384615384617,Pennsylvania,PA,42,4.2,Pennsylvania,2019-09
2019-09,Pre,RI,5,4.2,Rhode Island,RI,44,3.1,Rhode Island,2019-09
2019-09,Pre,SC,20,2.2,South Carolina,SC,45,1.8,South Carolina,2019-09
2019-09,Pre,SD,5,2.4,South Dakota,SD,46,2.5,South Dakota,2019-09
2019-09,Pre,TN,30,4.4,Tennessee,TN,47,3.1,Tennessee,2019-09
2019-09,Pre,TX,109,4.009174311926605,Texas,TX,48,3.4,Texas,2019-09
2019-09,Pre,UT,8,2.625,Utah,UT,49,2.1,Utah,2019-09
2019-09,Pre,VA,37,2.4864864864864864,Virginia,VA,51,2.5,Virginia,2019-09
2019-09,Pre,VT,1,1.0,Vermont,VT,50,2.3,Vermont,2019-09
2019-09,Pre,WA,25,4.68,Washington,WA,53,3.6,Washington,2019-09
2019-09,Pre,WI,21,4.238095238095238,Wisconsin,WI,55,3.0,Wisconsin,2019-09
2019-09,Pre,WV,10,3.8,West Virginia,WV,54,4.1,West Virginia,2019-09
2019-09,Pre,WY,1,4.0,Wyoming,WY,56,3.3,Wyoming,2019-09
2019-10,Pre,AK,6,4.166666666666667,Alaska,AK,2,4.7,Alaska,2019-10
2019-10,Pre,AL,24,3.9583333333333335,Alabama,AL,1,2.6,Alabama,2019-10
2019-10,Pre,AR,10,4.1,Arkansas,AR,5,3.0,Arkansas,2019-10
2019-10,Pre,AZ,31,4.064516129032258,Arizona,AZ,4,4.6,Arizona,2019-10
2019-10,Pre,CA,188,4.042553191489362,California,CA,6,3.9,California,2019-10
2019-10,Pre,CO,38,2.3947368421052633,Colorado,CO,8,2.4,Colorado,2019-10
2019-10,Pre,CT,17,4.176470588235294,Connecticut,CT,9,3.3,Connecticut,2019-10
2019-10,Pre,DC,10,3.5,District of Columbia,DC,11,5.0,District of Columbia,2019-10
2019-10,Pre,DE,3,3.3333333333333335,Delaware,DE,10,3.6,Delaware,2019-10
2019-10,Pre,FL,122,4.122950819672131,Florida,FL,12,3.1,Florida,2019-10
2019-10,Pre,GA,52,3.8461538461538463,Georgia,GA,13,3.2,Georgia,2019-10
2019-10,Pre,HI,8,2.875,Hawaii,HI,15,2.3,Hawaii,2019-10
2019-10,Pre,IA,9,2.2222222222222223,Iowa,IA,19,2.3,Iowa,2019-10
2019-10,Pre,ID,8,2.375,Idaho,ID,16,2.3,Idaho,2019-10
2019-10,Pre,IL,62,3.9193548387096775,Illinois,IL,17,3.4,Illinois,2019-10
2019-10,Pre,IN,28,3.892857142857143,Indiana,IN,18,3.0,Indiana,2019-10
2019-10,Pre,KS,13,3.8461538461538463,Kansas,KS,20,2.8,Kansas,2019-10
2019-10,Pre,KY,25,4.04,Kentucky,KY,21,3.7,Kentucky,2019-10
2019-10,Pre,LA,28,4.357142857142857,Louisiana,LA,22,4.8,Louisiana,2019-10
2019-10,Pre,MA,33,2.1515151515151514,Massachusetts,MA,25,2.5,Massachusetts,2019-10
2019-10,Pre,MD,22,3.8636363636363638,Maryland,MD,24,3.2,Maryland,2019-10
2019-10,Pre,ME,6,2.6666666666666665,Maine,ME,23,2.3,Maine,2019-10
2019-10,Pre,MI,67,4.164179104477612,Michigan,MI,26,3.4,Michigan,2019-10
2019-10,Pre,MN,27,2.4444444444444446,Minnesota,MN,27,2.5,Minnesota,2019-10
2019-10,Pre,MO,34,3.8823529411764706,Missouri,MO,29,2.8,Missouri,2019-10
2019-10,Pre,MS,16,5.8125,Mississippi,MS,28,5.1,Mississippi,2019-10
2019-10,Pre,MT,3,3.6666666666666665,Montana,MT,30,3.2,Montana,2019-10
2019-10,Pre,NC,53,3.9622641509433962,North Carolina,NC,37,3.5,North Carolina,2019-10
2019-10,Pre,ND,2,2.5,North Dakota,ND,38,1.5,North Dakota,2019-10
2019-10,Pre,NE,14,4.142857142857143,Nebraska,NE,31,2.7,Nebraska,2019-10
2019-10,Pre,NH,4,2.25,New Hampshire,NH,33,2.3,New Hampshire,2019-10
2019-10,Pre,NJ,31,4.096774193548387,New Jersey,NJ,34,3.2,New Jersey,2019-10
2019-10,Pre,NM,7,3.7142857142857144,New Mexico,NM,35,4.8,New Mexico,2019-10
2019-10,Pre,NV,16,3.9375,Nevada,NV,32,3.6,Nevada,2019-10
2019-10,Pre,NY,86,4.093023255813954,New York,NY,36,3.6,New York,2019-10
2019-10,Pre,OH,46,4.1521739130434785,Ohio,OH,39,3.7,Ohio,2019-10
2019-10,Pre,OK,11,4.363636363636363,Oklahoma,OK,40,3.1,Oklahoma,2019-10
2019-10,Pre,OR,24,3.75,Oregon,OR,41,3.1,Oregon,2019-10
2019-10,Pre,PA,60,3.8833333333333333,Pennsylvania,PA,42,4.3,Pennsylvania,2019-10
2019-10,Pre,RI,4,4.5,Rhode Island,RI,44,2.9,Rhode Island,2019-10
2019-10,Pre,SC,29,2.4482758620689653,South Carolina,SC,45,2.3,South Carolina,2019-10
2019-10,Pre,SD,4,3.25,South Dakota,SD,46,2.6,South Dakota,2019-10
2019-10,Pre,TN,28,4.607142857142857,Tennessee,TN,47,3.3,Tennessee,2019-10
2019-10,Pre,TX,135,3.9185185185185185,Texas,TX,48,3.3,Texas,2019-10
2019-10,Pre,UT,13,3.0,Utah,UT,49,2.1,Utah,2019-10
2019-10,Pre,VA,37,2.324324324324324,Virginia,VA,51,2.4,Virginia,2019-10
2019-10,Pre,VT,2,3.0,Vermont,VT,50,1.7,Vermont,2019-10
2019-10,Pre,WA,34,4.029411764705882,Washington,WA,53,3.5,Washington,2019-10
2019-10,Pre,WI,20,4.6,Wisconsin,WI,55,2.9,Wisconsin,2019-10
2019-10,Pre,WV,7,5.142857142857143,West Virginia,WV,54,4.4,West Virginia,2019-10
2019-10,Pre,WY,3,3.0,Wyoming,WY,56,3.5,Wyoming,2019-10
2019-11,Pre,AK,1,4.0,Alaska,AK,2,5.1,Alaska,2019-11
2019-11,Pre,AL,24,2.1666666666666665,Alabama,AL,1,2.4,Alabama,2019-11
2019-11,Pre,AR,10,4.4,Arkansas,AR,5,3.1,Arkansas,2019-11
2019-11,Pre,AZ,24,3.7916666666666665,Arizona,AZ,4,4.5,Arizona,2019-11
2019-11,Pre,CA,158,4.018987341772152,California,CA,6,3.9,California,2019-11
2019-11,Pre,CO,21,2.5714285714285716,Colorado,CO,8,2.4,Colorado,2019-11
2019-11,Pre,CT,17,4.117647058823529,Connecticut,CT,9,3.0,Connecticut,2019-11
2019-11,Pre,DC,2,4.5,District of Columbia,DC,11,4.5,District of Columbia,2019-11
2019-11,Pre,DE,2,4.5,Delaware,DE,10,3.4,Delaware,2019-11
2019-11,Pre,FL,79,4.012658227848101,Florida,FL,12,3.0,Florida,2019-11
2019-11,Pre,GA,28,4.25,Georgia,GA,13,3.0,Georgia,2019-11
2019-11,Pre,HI,3,2.6666666666666665,Hawaii,HI,15,2.0,Hawaii,2019-11
2019-11,Pre,IA,14,2.2142857142857144,Iowa,IA,19,2.4,Iowa,2019-11
2019-11,Pre,ID,8,2.75,Idaho,ID,16,2.5,Idaho,2019-11
2019-11,Pre,IL,37,3.891891891891892,Illinois,IL,17,3.2,Illinois,2019-11
2019-11,Pre,IN,28,3.9642857142857144,Indiana,IN,18,3.1,Indiana,2019-11
2019-11,Pre,KS,5,4.0,Kansas,KS,20,2.8,Kansas,2019-11
2019-11,Pre,KY,18,3.888888888888889,Kentucky,KY,21,3.5,Kentucky,2019-11
2019-11,Pre,LA,13,4.3076923076923075,Louisiana,LA,22,4.6,Louisiana,2019-11
2019-11,Pre,MA,29,2.4827586206896552,Massachusetts,MA,25,2.5,Massachusetts,2019-11
2019-11,Pre,MD,24,4.333333333333333,Maryland,MD,24,3.1,Maryland,2019-11
2019-11,Pre,ME,4,3.5,Maine,ME,23,2.5,Maine,2019-11
2019-11,Pre,MI,39,4.461538461538462,Michigan,MI,26,3.2,Michigan,2019-11
2019-11,Pre,MN,25,3.96,Minnesota,MN,27,2.6,Minnesota,2019-11
2019-11,Pre,MO,22,3.8181818181818183,Missouri,MO,29,3.1,Missouri,2019-11
2019-11,Pre,MS,9,6.111111111111111,Mississippi,MS,28,5.2,Mississippi,2019-11
2019-11,Pre,MT,6,3.6666666666666665,Montana,MT,30,3.4,Montana,2019-11
2019-11,Pre,NC,44,4.068181818181818,North Carolina,NC,37,3.5,North Carolina,2019-11
2019-11,Pre,ND,3,4.333333333333333,North Dakota,ND,38,1.9,North Dakota,2019-11
2019-11,Pre,NE,5,4.6,Nebraska,NE,31,2.6,Nebraska,2019-11
2019-11,Pre,NH,2,2.5,New Hampshire,NH,33,2.3,New Hampshire,2019-11
2019-11,Pre,NJ,35,4.085714285714285,New Jersey,NJ,34,3.2,New Jersey,2019-11
2019-11,Pre,NM,12,4.166666666666667,New Mexico,NM,35,4.7,New Mexico,2019-11
2019-11,Pre,NV,8,4.5,Nevada,NV,32,3.4,Nevada,2019-11
2019-11,Pre,NY,71,4.070422535211268,New York,NY,36,3.4,New York,2019-11
2019-11,Pre,OH,43,4.232558139534884,Ohio,OH,39,3.7,Ohio,2019-11
2019-11,Pre,OK,11,4.181818181818182,Oklahoma,OK,40,3.0,Oklahoma,2019-11
2019-11,Pre,OR,14,4.5,Oregon,OR,41,2.8,Oregon,2019-11
2019-11,Pre,PA,43,3.883720930232558,Pennsylvania,PA,42,4.3,Pennsylvania,2019-11
2019-11,Pre,RI,3,4.0,Rhode Island,RI,44,3.3,Rhode Island,2019-11
2019-11,Pre,SC,14,2.2857142857142856,South Carolina,SC,45,2.3,South Carolina,2019-11
2019-11,Pre,SD,4,4.5,South Dakota,SD,46,2.7,South Dakota,2019-11
2019-11,Pre,TN,22,4.363636363636363,Tennessee,TN,47,3.2,Tennessee,2019-11
2019-11,Pre,TX,101,4.03960396039604,Texas,TX,48,3.4,Texas,2019-11
2019-11,Pre,UT,13,2.3076923076923075,Utah,UT,49,2.1,Utah,2019-11
2019-11,Pre,VA,37,2.27027027027027,Virginia,VA,51,2.3,Virginia,2019-11
2019-11,Pre,VT,2,2.0,Vermont,VT,50,2.4,Vermont,2019-11
2019-11,Pre,WA,31,4.096774193548387,Washington,WA,53,3.6,Washington,2019-11
2019-11,Pre,WI,25,3.36,Wisconsin,WI,55,2.9,Wisconsin,2019-11
2019-11,Pre,WV,3,3.6666666666666665,West Virginia,WV,54,4.5,West Virginia,2019-11
2019-11,Pre,WY,4,4.5,Wyoming,WY,56,3.8,Wyoming,2019-11
2019-12,Pre,AK,2,7.0,Alaska,AK,2,5.1,Alaska,2019-12
2019-12,Pre,AL,15,2.8666666666666667,Alabama,AL,1,2.4,Alabama,2019-12
2019-12,Pre,AR,11,4.090909090909091,Arkansas,AR,5,3.3,Arkansas,2019-12
2019-12,Pre,AZ,25,4.24,Arizona,AZ,4,4.5,Arizona,2019-12
2019-12,Pre,CA,146,4.1506849315068495,California,CA,6,3.9,California,2019-12
2019-12,Pre,CO,18,2.6666666666666665,Colorado,CO,8,2.4,Colorado,2019-12
2019-12,Pre,CT,18,4.277777777777778,Connecticut,CT,9,3.0,Connecticut,2019-12
2019-12,Pre,DC,5,5.2,District of Columbia,DC,11,4.5,District of Columbia,2019-12
2019-12,Pre,DE,8,3.5,Delaware,DE,10,3.5,Delaware,2019-12
2019-12,Pre,FL,77,4.116883116883117,Florida,FL,12,2.9,Florida,2019-12
2019-12,Pre,GA,35,3.6285714285714286,Georgia,GA,13,3.1,Georgia,2019-12
2019-12,Pre,HI,10,2.5,Hawaii,HI,15,1.9,Hawaii,2019-12
2019-12,Pre,IA,6,4.5,Iowa,IA,19,2.9,Iowa,2019-12
2019-12,Pre,ID,9,2.2222222222222223,Idaho,ID,16,2.5,Idaho,2019-12
2019-12,Pre,IL,55,3.8727272727272726,Illinois,IL,17,3.3,Illinois,2019-12
2019-12,Pre,IN,29,4.344827586206897,Indiana,IN,18,2.9,Indiana,2019-12
2019-12,Pre,KS,18,4.222222222222222,Kansas,KS,20,2.8,Kansas,2019-12
2019-12,Pre,KY,15,4.0,Kentucky,KY,21,3.7,Kentucky,2019-12
2019-12,Pre,LA,9,3.7777777777777777,Louisiana,LA,22,4.5,Louisiana,2019-12
2019-12,Pre,MA,28,2.3214285714285716,Massachusetts,MA,25,2.5,Massachusetts,2019-12
2019-12,Pre,MD,27,4.0,Maryland,MD,24,3.0,Maryland,2019-12
2019-12,Pre,ME,4,2.25,Maine,ME,23,2.4,Maine,2019-12
2019-12,Pre,MI,48,4.208333333333333,Michigan,MI,26,3.4,Michigan,2019-12
2019-12,Pre,MN,15,4.333333333333333,Minnesota,MN,27,3.2,Minnesota,2019-12
2019-12,Pre,MO,16,4.0625,Missouri,MO,29,3.3,Missouri,2019-12
2019-12,Pre,MS,11,6.181818181818182,Mississippi,MS,28,5.1,Mississippi,2019-12
2019-12,Pre,MT,5,4.0,Montana,MT,30,3.7,Montana,2019-12
2019-12,Pre,NC,24,4.333333333333333,North Carolina,NC,37,3.2,North Carolina,2019-12
2019-12,Pre,ND,4,3.0,North Dakota,ND,38,2.2,North Dakota,2019-12
2019-12,Pre,NE,9,4.666666666666667,Nebraska,NE,31,2.6,Nebraska,2019-12
2019-12,Pre,NH,6,2.5,New Hampshire,NH,33,2.3,New Hampshire,2019-12
2019-12,Pre,NJ,29,4.241379310344827,New Jersey,NJ,34,3.2,New Jersey,2019-12
2019-12,Pre,NM,7,4.0,New Mexico,NM,35,4.7,New Mexico,2019-12
2019-12,Pre,NV,13,3.5384615384615383,Nevada,NV,32,3.5,Nevada,2019-12
2019-12,Pre,NY,62,3.903225806451613,New York,NY,36,3.5,New York,2019-12
2019-12,Pre,OH,35,4.171428571428572,Ohio,OH,39,3.9,Ohio,2019-12
2019-12,Pre,OK,15,3.6,Oklahoma,OK,40,2.8,Oklahoma,2019-12
2019-12,Pre,OR,12,4.166666666666667,Oregon,OR,41,2.9,Oregon,2019-12
2019-12,Pre,PA,41,3.7804878048780486,Pennsylvania,PA,42,4.4,Pennsylvania,2019-12
2019-12,Pre,RI,3,4.333333333333333,Rhode Island,RI,44,3.3,Rhode Island,2019-12
2019-12,Pre,SC,24,2.875,South Carolina,SC,45,2.5,South Carolina,2019-12
2019-12,Pre,SD,1,3.0,South Dakota,SD,46,3.0,South Dakota,2019-12
2019-12,Pre,TN,37,4.351351351351352,Tennessee,TN,47,3.3,Tennessee,2019-12
2019-12,Pre,TX,105,4.057142857142857,Texas,TX,48,3.3,Texas,2019-12
2019-12,Pre,UT,15,2.1333333333333333,Utah,UT,49,2.2,Utah,2019-12
2019-12,Pre,VA,23,2.608695652173913,Virginia,VA,51,2.3,Virginia,2019-12
2019-12,Pre,VT,4,2.25,Vermont,VT,50,2.4,Vermont,2019-12
2019-12,Pre,WA,33,4.515151515151516,Washington,WA,53,3.9,Washington,2019-12
2019-12,Pre,WI,19,3.8421052631578947,Wisconsin,WI,55,3.0,Wisconsin,2019-12
2019-12,Pre,WV,11,4.818181818181818,West Virginia,WV,54,4.7,West Virginia,2019-12
2019-12,Pre,WY,3,3.6666666666666665,Wyoming,WY,56,4.1,Wyoming,2019-12
2020-01,Pre,AK,3,6.0,Alaska,AK,2,5.4,Alaska,2020-01
2020-01,Pre,AL,17,4.117647058823529,Alabama,AL,1,3.1,Alabama,2020-01
2020-01,Pre,AR,14,3.357142857142857,Arkansas,AR,5,4.2,Arkansas,2020-01
2020-01,Pre,AZ,26,4.538461538461538,Arizona,AZ,4,4.8,Arizona,2020-01
2020-01,Pre,CA,141,3.9290780141843973,California,CA,6,4.5,California,2020-01
2020-01,Pre,CO,28,3.7857142857142856,Colorado,CO,8,2.9,Colorado,2020-01
2020-01,Pre,CT,13,4.3076923076923075,Connecticut,CT,9,4.3,Connecticut,2020-01
2020-01,Pre,DC,3,2.6666666666666665,District of Columbia,DC,11,5.0,District of Columbia,2020-01
2020-01,Pre,DE,6,3.8333333333333335,Delaware,DE,10,4.6,Delaware,2020-01
2020-01,Pre,FL,78,3.9615384615384617,Florida,FL,12,3.4,Florida,2020-01
2020-01,Pre,GA,36,4.166666666666667,Georgia,GA,13,3.6,Georgia,2020-01
2020-01,Pre,HI,6,2.8333333333333335,Hawaii,HI,15,2.1,Hawaii,2020-01
2020-01,Pre,IA,9,4.555555555555555,Iowa,IA,19,3.6,Iowa,2020-01
2020-01,Pre,ID,8,3.875,Idaho,ID,16,3.3,Idaho,2020-01
2020-01,Pre,IL,44,4.0227272727272725,Illinois,IL,17,4.0,Illinois,2020-01
2020-01,Pre,IN,29,3.9655172413793105,Indiana,IN,18,3.5,Indiana,2020-01
2020-01,Pre,KS,14,3.2857142857142856,Kansas,KS,20,3.3,Kansas,2020-01
2020-01,Pre,KY,20,3.85,Kentucky,KY,21,4.5,Kentucky,2020-01
2020-01,Pre,LA,12,5.666666666666667,Louisiana,LA,22,5.2,Louisiana,2020-01
2020-01,Pre,MA,20,3.75,Massachusetts,MA,25,3.4,Massachusetts,2020-01
2020-01,Pre,MD,23,4.0,Maryland,MD,24,3.6,Maryland,2020-01
2020-01,Pre,ME,3,4.0,Maine,ME,23,3.3,Maine,2020-01
2020-01,Pre,MI,24,4.416666666666667,Michigan,MI,26,4.2,Michigan,2020-01
2020-01,Pre,MN,16,3.8125,Minnesota,MN,27,3.8,Minnesota,2020-01
2020-01,Pre,MO,31,3.967741935483871,Missouri,MO,29,4.0,Missouri,2020-01
2020-01,Pre,MS,9,6.666666666666667,Mississippi,MS,28,5.5,Mississippi,2020-01
2020-01,Pre,MT,3,4.666666666666667,Montana,MT,30,4.6,Montana,2020-01
2020-01,Pre,NC,41,4.024390243902439,North Carolina,NC,37,3.6,North Carolina,2020-01
2020-01,Pre,ND,3,4.0,North Dakota,ND,38,3.0,North Dakota,2020-01
2020-01,Pre,NE,5,3.4,Nebraska,NE,31,3.2,Nebraska,2020-01
2020-01,Pre,NH,4,4.75,New Hampshire,NH,33,3.1,New Hampshire,2020-01
2020-01,Pre,NJ,34,4.176470588235294,New Jersey,NJ,34,4.1,New Jersey,2020-01
2020-01,Pre,NM,7,5.571428571428571,New Mexico,NM,35,5.2,New Mexico,2020-01
2020-01,Pre,NV,11,3.1818181818181817,Nevada,NV,32,3.9,Nevada,2020-01
2020-01,Pre,NY,88,4.170454545454546,New York,NY,36,4.1,New York,2020-01
2020-01,Pre,OH,54,5.907407407407407,Ohio,OH,39,5.2,Ohio,2020-01
2020-01,Pre,OK,15,4.066666666666666,Oklahoma,OK,40,3.3,Oklahoma,2020-01
2020-01,Pre,OR,20,4.3,Oregon,OR,41,3.7,Oregon,2020-01
2020-01,Pre,PA,63,3.7936507936507935,Pennsylvania,PA,42,5.0,Pennsylvania,2020-01
2020-01,Pre,RI,6,3.8333333333333335,Rhode Island,RI,44,4.4,Rhode Island,2020-01
2020-01,Pre,SC,22,4.045454545454546,South Carolina,SC,45,3.1,South Carolina,2020-01
2020-01,Pre,SD,3,3.3333333333333335,South Dakota,SD,46,3.3,South Dakota,2020-01
2020-01,Pre,TN,30,4.0,Tennessee,TN,47,4.0,Tennessee,2020-01
2020-01,Pre,TX,86,4.069767441860465,Texas,TX,48,3.7,Texas,2020-01
2020-01,Pre,UT,14,3.857142857142857,Utah,UT,49,2.7,Utah,2020-01
2020-01,Pre,VA,41,4.0,Virginia,VA,51,2.8,Virginia,2020-01
2020-01,Pre,VT,1,4.0,Vermont,VT,50,3.0,Vermont,2020-01
2020-01,Pre,WA,24,3.9583333333333335,Washington,WA,53,4.6,Washington,2020-01
2020-01,Pre,WI,20,4.3,Wisconsin,WI,55,3.5,Wisconsin,2020-01
2020-01,Pre,WV,8,5.25,West Virginia,WV,54,5.6,West Virginia,2020-01
2020-01,Pre,WY,4,4.5,Wyoming,WY,56,4.9,Wyoming,2020-01
2020-02,Pre,AK,3,6.666666666666667,Alaska,AK,2,5.2,Alaska,2020-02
2020-02,Pre,AL,15,4.4,Alabama,AL,1,2.8,Alabama,2020-02
2020-02,Pre,AR,13,4.461538461538462,Arkansas,AR,5,4.0,Arkansas,2020-02
2020-02,Pre,AZ,37,4.135135135135135,Arizona,AZ,4,4.5,Arizona,2020-02
2020-02,Pre,CA,159,3.9182389937106916,California,CA,6,4.3,California,2020-02
2020-02,Pre,CO,16,4.0625,Colorado,CO,8,2.9,Colorado,2020-02
2020-02,Pre,CT,13,3.6923076923076925,Connecticut,CT,9,4.0,Connecticut,2020-02
2020-02,Pre,DC,5,3.4,District of Columbia,DC,11,4.9,District of Columbia,2020-02
2020-02,Pre,DE,9,4.444444444444445,Delaware,DE,10,4.5,Delaware,2020-02
2020-02,Pre,FL,89,4.033707865168539,Florida,FL,12,3.1,Florida,2020-02
2020-02,Pre,GA,49,3.673469387755102,Georgia,GA,13,3.4,Georgia,2020-02
2020-02,Pre,HI,4,2.5,Hawaii,HI,15,1.7,Hawaii,2020-02
2020-02,Pre,IA,10,4.0,Iowa,IA,19,3.2,Iowa,2020-02
2020-02,Pre,ID,8,3.625,Idaho,ID,16,3.0,Idaho,2020-02
2020-02,Pre,IL,44,3.8636363636363638,Illinois,IL,17,3.7,Illinois,2020-02
2020-02,Pre,IN,28,3.9285714285714284,Indiana,IN,18,3.4,Indiana,2020-02
2020-02,Pre,KS,13,3.6153846153846154,Kansas,KS,20,3.3,Kansas,2020-02
2020-02,Pre,KY,26,3.8846153846153846,Kentucky,KY,21,4.4,Kentucky,2020-02
2020-02,Pre,LA,15,4.266666666666667,Louisiana,LA,22,4.2,Louisiana,2020-02
2020-02,Pre,MA,22,3.6363636363636362,Massachusetts,MA,25,3.1,Massachusetts,2020-02
2020-02,Pre,MD,27,3.740740740740741,Maryland,MD,24,3.5,Maryland,2020-02
2020-02,Pre,ME,2,4.5,Maine,ME,23,3.4,Maine,2020-02
2020-02,Pre,MI,34,3.7058823529411766,Michigan,MI,26,3.8,Michigan,2020-02
2020-02,Pre,MN,17,4.0,Minnesota,MN,27,3.6,Minnesota,2020-02
2020-02,Pre,MO,24,4.333333333333333,Missouri,MO,29,3.8,Missouri,2020-02
2020-02,Pre,MS,10,5.8,Mississippi,MS,28,5.3,Mississippi,2020-02
2020-02,Pre,MT,7,3.857142857142857,Montana,MT,30,4.2,Montana,2020-02
2020-02,Pre,NC,45,4.177777777777778,North Carolina,NC,37,3.4,North Carolina,2020-02
2020-02,Pre,ND,4,3.75,North Dakota,ND,38,2.8,North Dakota,2020-02
2020-02,Pre,NE,4,5.0,Nebraska,NE,31,3.1,Nebraska,2020-02
2020-02,Pre,NH,5,4.0,New Hampshire,NH,33,3.0,New Hampshire,2020-02
2020-02,Pre,NJ,33,3.878787878787879,New Jersey,NJ,34,3.9,New Jersey,2020-02
2020-02,Pre,NM,10,5.4,New Mexico,NM,35,5.1,New Mexico,2020-02
2020-02,Pre,NV,11,3.6363636363636362,Nevada,NV,32,3.6,Nevada,2020-02
2020-02,Pre,NY,73,4.260273972602739,New York,NY,36,4.1,New York,2020-02
2020-02,Pre,OH,32,3.71875,Ohio,OH,39,5.0,Ohio,2020-02
2020-02,Pre,OK,16,4.625,Oklahoma,OK,40,3.1,Oklahoma,2020-02
2020-02,Pre,OR,13,3.6923076923076925,Oregon,OR,41,3.6,Oregon,2020-02
2020-02,Pre,PA,55,3.8181818181818183,Pennsylvania,PA,42,5.0,Pennsylvania,2020-02
2020-02,Pre,RI,5,4.6,Rhode Island,RI,44,4.3,Rhode Island,2020-02
2020-02,Pre,SC,25,3.76,South Carolina,SC,45,3.0,South Carolina,2020-02
2020-02,Pre,SD,3,5.666666666666667,South Dakota,SD,46,3.2,South Dakota,2020-02
2020-02,Pre,TN,24,4.083333333333333,Tennessee,TN,47,3.8,Tennessee,2020-02
2020-02,Pre,TX,115,4.304347826086956,Texas,TX,48,3.5,Texas,2020-02
2020-02,Pre,UT,14,4.571428571428571,Utah,UT,49,2.7,Utah,2020-02
2020-02,Pre,VA,26,2.3076923076923075,Virginia,VA,51,2.5,Virginia,2020-02
2020-02,Pre,VT,2,3.0,Vermont,VT,50,2.6,Vermont,2020-02
2020-02,Pre,WA,26,3.8461538461538463,Washington,WA,53,4.5,Washington,2020-02
2020-02,Pre,WI,27,3.814814814814815,Wisconsin,WI,55,3.5,Wisconsin,2020-02
2020-02,Pre,WV,10,6.2,West Virginia,WV,54,5.8,West Virginia,2020-02
2020-02,Pre,WY,3,4.0,Wyoming,WY,56,4.9,Wyoming,2020-02
2020-03,Pan,AK,10,6.2,Alaska,AK,2,6.2,Alaska,2020-03
2020-03,Pan,AL,52,4.173076923076923,Alabama,AL,1,2.8,Alabama,2020-03
2020-03,Pan,AR,20,3.7,Arkansas,AR,5,4.2,Arkansas,2020-03
2020-03,Pan,AZ,66,5.9393939393939394,Arizona,AZ,4,5.2,Arizona,2020-03
2020-03,Pan,CA,410,5.9365853658536585,California,CA,6,5.1,California,2020-03
2020-03,Pan,CO,68,4.176470588235294,Colorado,CO,8,5.0,Colorado,2020-03
2020-03,Pan,CT,41,4.390243902439025,Connecticut,CT,9,4.3,Connecticut,2020-03
2020-03,Pan,DC,9,6.222222222222222,District of Columbia,DC,11,5.5,District of Columbia,2020-03
2020-03,Pan,DE,8,6.125,Delaware,DE,10,5.2,Delaware,2020-03
2020-03,Pan,FL,242,4.169421487603306,Florida,FL,12,5.0,Florida,2020-03
2020-03,Pan,GA,98,3.8979591836734695,Georgia,GA,13,3.7,Georgia,2020-03
2020-03,Pan,HI,16,2.5,Hawaii,HI,15,2.1,Hawaii,2020-03
2020-03,Pan,IA,31,4.290322580645161,Iowa,IA,19,3.5,Iowa,2020-03
2020-03,Pan,ID,18,4.111111111111111,Idaho,ID,16,3.3,Idaho,2020-03
2020-03,Pan,IL,118,4.135593220338983,Illinois,IL,17,4.0,Illinois,2020-03
2020-03,Pan,IN,60,4.266666666666667,Indiana,IN,18,3.7,Indiana,2020-03
2020-03,Pan,KS,28,3.9642857142857144,Kansas,KS,20,3.5,Kansas,2020-03
2020-03,Pan,KY,37,4.351351351351352,Kentucky,KY,21,4.9,Kentucky,2020-03
2020-03,Pan,LA,40,5.875,Louisiana,LA,22,5.3,Louisiana,2020-03
2020-03,Pan,MA,70,4.185714285714286,Massachusetts,MA,25,3.1,Massachusetts,2020-03
2020-03,Pan,MD,60,4.0,Maryland,MD,24,3.9,Maryland,2020-03
2020-03,Pan,ME,12,2.75,Maine,ME,23,4.3,Maine,2020-03
2020-03,Pan,MI,102,4.2254901960784315,Michigan,MI,26,4.5,Michigan,2020-03
2020-03,Pan,MN,72,3.9166666666666665,Minnesota,MN,27,4.5,Minnesota,2020-03
2020-03,Pan,MO,57,4.035087719298246,Missouri,MO,29,4.4,Missouri,2020-03
2020-03,Pan,MS,28,6.071428571428571,Mississippi,MS,28,6.2,Mississippi,2020-03
2020-03,Pan,MT,10,3.7,Montana,MT,30,4.7,Montana,2020-03
2020-03,Pan,NC,94,4.223404255319149,North Carolina,NC,37,4.0,North Carolina,2020-03
2020-03,Pan,ND,11,4.363636363636363,North Dakota,ND,38,3.2,North Dakota,2020-03
2020-03,Pan,NE,20,4.05,Nebraska,NE,31,3.5,Nebraska,2020-03
2020-03,Pan,NH,15,3.8666666666666667,New Hampshire,NH,33,3.1,New Hampshire,2020-03
2020-03,Pan,NJ,90,4.277777777777778,New Jersey,NJ,34,4.2,New Jersey,2020-03
2020-03,Pan,NM,7,6.0,New Mexico,NM,35,5.5,New Mexico,2020-03
2020-03,Pan,NV,33,5.96969696969697,Nevada,NV,32,6.7,Nevada,2020-03
2020-03,Pan,NY,211,3.962085308056872,New York,NY,36,4.4,New York,2020-03
2020-03,Pan,OH,128,5.90625,Ohio,OH,39,5.8,Ohio,2020-03
2020-03,Pan,OK,31,3.870967741935484,Oklahoma,OK,40,3.4,Oklahoma,2020-03
2020-03,Pan,OR,52,4.076923076923077,Oregon,OR,41,4.3,Oregon,2020-03
2020-03,Pan,PA,136,5.977941176470588,Pennsylvania,PA,42,5.6,Pennsylvania,2020-03
2020-03,Pan,RI,11,4.0,Rhode Island,RI,44,4.8,Rhode Island,2020-03
2020-03,Pan,SC,52,4.019230769230769,South Carolina,SC,45,3.1,South Carolina,2020-03
2020-03,Pan,SD,7,3.7142857142857144,South Dakota,SD,46,3.5,South Dakota,2020-03
2020-03,Pan,TN,67,4.104477611940299,Tennessee,TN,47,4.3,Tennessee,2020-03
2020-03,Pan,TX,295,5.979661016949152,Texas,TX,48,5.1,Texas,2020-03
2020-03,Pan,UT,34,4.588235294117647,Utah,UT,49,2.9,Utah,2020-03
2020-03,Pan,VA,93,4.129032258064516,Virginia,VA,51,2.8,Virginia,2020-03
2020-03,Pan,VT,5,4.6,Vermont,VT,50,2.9,Vermont,2020-03
2020-03,Pan,WA,91,5.923076923076923,Washington,WA,53,5.8,Washington,2020-03
2020-03,Pan,WI,65,4.046153846153846,Wisconsin,WI,55,3.8,Wisconsin,2020-03
2020-03,Pan,WV,21,5.666666666666667,West Virginia,WV,54,6.2,West Virginia,2020-03
2020-03,Pan,WY,8,5.875,Wyoming,WY,56,5.9,Wyoming,2020-03
2020-04,Pan,AK,4,6.25,Alaska,AK,2,12.4,Alaska,2020-04
2020-04,Pan,AL,40,5.925,Alabama,AL,1,12.7,Alabama,2020-04
2020-04,Pan,AR,29,5.9655172413793105,Arkansas,AR,5,9.7,Arkansas,2020-04
2020-04,Pan,AZ,72,5.875,Arizona,AZ,4,14.2,Arizona,2020-04
2020-04,Pan,CA,357,5.910364145658264,California,CA,6,16.0,California,2020-04
2020-04,Pan,CO,56,6.196428571428571,Colorado,CO,8,12.2,Colorado,2020-04
2020-04,Pan,CT,29,5.758620689655173,Connecticut,CT,9,8.4,Connecticut,2020-04
2020-04,Pan,DC,10,6.1,District of Columbia,DC,11,10.6,District of Columbia,2020-04
2020-04,Pan,DE,6,5.666666666666667,Delaware,DE,10,13.3,Delaware,2020-04
2020-04,Pan,FL,205,6.04390243902439,Florida,FL,12,13.9,Florida,2020-04
2020-04,Pan,GA,93,5.946236559139785,Georgia,GA,13,12.2,Georgia,2020-04
2020-04,Pan,HI,15,5.533333333333333,Hawaii,HI,15,21.9,Hawaii,2020-04
2020-04,Pan,IA,24,5.875,Iowa,IA,19,11.0,Iowa,2020-04
2020-04,Pan,ID,14,5.785714285714286,Idaho,ID,16,11.6,Idaho,2020-04
2020-04,Pan,IL,120,5.975,Illinois,IL,17,16.3,Illinois,2020-04
2020-04,Pan,IN,67,5.865671641791045,Indiana,IN,18,16.5,Indiana,2020-04
2020-04,Pan,KS,24,5.583333333333333,Kansas,KS,20,12.5,Kansas,2020-04
2020-04,Pan,KY,38,5.7631578947368425,Kentucky,KY,21,16.7,Kentucky,2020-04
2020-04,Pan,LA,47,6.0,Louisiana,LA,22,12.7,Louisiana,2020-04
2020-04,Pan,MA,80,6.05,Massachusetts,MA,25,16.3,Massachusetts,2020-04
2020-04,Pan,MD,71,6.028169014084507,Maryland,MD,24,8.8,Maryland,2020-04
2020-04,Pan,ME,13,6.0,Maine,ME,23,9.8,Maine,2020-04
2020-04,Pan,MI,103,5.970873786407767,Michigan,MI,26,23.6,Michigan,2020-04
2020-04,Pan,MN,48,6.0,Minnesota,MN,27,9.1,Minnesota,2020-04
2020-04,Pan,MO,50,6.18,Missouri,MO,29,12.3,Missouri,2020-04
2020-04,Pan,MS,29,6.0344827586206895,Mississippi,MS,28,15.4,Mississippi,2020-04
2020-04,Pan,MT,11,5.454545454545454,Montana,MT,30,12.0,Montana,2020-04
2020-04,Pan,NC,92,5.945652173913044,North Carolina,NC,37,13.2,North Carolina,2020-04
2020-04,Pan,ND,7,5.857142857142857,North Dakota,ND,38,8.9,North Dakota,2020-04
2020-04,Pan,NE,22,6.363636363636363,Nebraska,NE,31,7.4,Nebraska,2020-04
2020-04,Pan,NH,13,6.230769230769231,New Hampshire,NH,33,16.1,New Hampshire,2020-04
2020-04,Pan,NJ,86,5.953488372093023,New Jersey,NJ,34,16.4,New Jersey,2020-04
2020-04,Pan,NM,18,6.5,New Mexico,NM,35,9.7,New Mexico,2020-04
2020-04,Pan,NV,31,6.032258064516129,Nevada,NV,32,29.7,Nevada,2020-04
2020-04,Pan,NY,159,6.0,New York,NY,36,16.2,New York,2020-04
2020-04,Pan,OH,111,6.027027027027027,Ohio,OH,39,16.7,Ohio,2020-04
2020-04,Pan,OK,29,5.896551724137931,Oklahoma,OK,40,12.7,Oklahoma,2020-04
2020-04,Pan,OR,42,5.714285714285714,Oregon,OR,41,13.1,Oregon,2020-04
2020-04,Pan,PA,118,6.016949152542373,Pennsylvania,PA,42,15.9,Pennsylvania,2020-04
2020-04,Pan,RI,21,6.0476190476190474,Rhode Island,RI,44,17.5,Rhode Island,2020-04
2020-04,Pan,SC,60,5.916666666666667,South Carolina,SC,45,11.0,South Carolina,2020-04
2020-04,Pan,SD,9,6.0,South Dakota,SD,46,9.5,South Dakota,2020-04
2020-04,Pan,TN,62,5.935483870967742,Tennessee,TN,47,15.6,Tennessee,2020-04
2020-04,Pan,TX,271,6.070110701107011,Texas,TX,48,12.7,Texas,2020-04
2020-04,Pan,UT,25,5.8,Utah,UT,49,10.2,Utah,2020-04
2020-04,Pan,VA,66,6.045454545454546,Virginia,VA,51,11.0,Virginia,2020-04
2020-04,Pan,VT,7,5.857142857142857,Vermont,VT,50,15.0,Vermont,2020-04
2020-04,Pan,WA,65,5.953846153846154,Washington,WA,53,16.3,Washington,2020-04
2020-04,Pan,WI,45,5.644444444444445,Wisconsin,WI,55,14.9,Wisconsin,2020-04
2020-04,Pan,WV,19,6.052631578947368,West Virginia,WV,54,15.6,West Virginia,2020-04
2020-04,Pan,WY,7,5.714285714285714,Wyoming,WY,56,5.8,Wyoming,2020-04
2020-05,Pan,AK,7,5.285714285714286,Alaska,AK,2,12.0,Alaska,2020-05
2020-05,Pan,AL,33,5.96969696969697,Alabama,AL,1,7.6,Alabama,2020-05
2020-05,Pan,AR,22,5.636363636363637,Arkansas,AR,5,8.7,Arkansas,2020-05
2020-05,Pan,AZ,75,6.0,Arizona,AZ,4,10.7,Arizona,2020-05
2020-05,Pan,CA,388,6.02319587628866,California,CA,6,15.5,California,2020-05
2020-05,Pan,CO,58,6.051724137931035,Colorado,CO,8,11.7,Colorado,2020-05
2020-05,Pan,CT,31,6.032258064516129,Connecticut,CT,9,11.6,Connecticut,2020-05
2020-05,Pan,DC,5,5.8,District of Columbia,DC,11,9.0,District of Columbia,2020-05
2020-05,Pan,DE,11,5.7272727272727275,Delaware,DE,10,13.6,Delaware,2020-05
2020-05,Pan,FL,210,5.847619047619047,Florida,FL,12,14.3,Florida,2020-05
2020-05,Pan,GA,89,5.955056179775281,Georgia,GA,13,9.5,Georgia,2020-05
2020-05,Pan,HI,13,6.230769230769231,Hawaii,HI,15,21.9,Hawaii,2020-05
2020-05,Pan,IA,36,5.666666666666667,Iowa,IA,19,8.3,Iowa,2020-05
2020-05,Pan,ID,19,5.894736842105263,Idaho,ID,16,8.5,Idaho,2020-05
2020-05,Pan,IL,101,5.9504950495049505,Illinois,IL,17,15.3,Illinois,2020-05
2020-05,Pan,IN,69,5.869565217391305,Indiana,IN,18,11.9,Indiana,2020-05
2020-05,Pan,KS,25,6.04,Kansas,KS,20,9.3,Kansas,2020-05
2020-05,Pan,KY,39,5.9743589743589745,Kentucky,KY,21,11.1,Kentucky,2020-05
2020-05,Pan,LA,37,6.135135135135135,Louisiana,LA,22,13.5,Louisiana,2020-05
2020-05,Pan,MA,72,5.819444444444445,Massachusetts,MA,25,15.4,Massachusetts,2020-05
2020-05,Pan,MD,60,6.083333333333333,Maryland,MD,24,9.3,Maryland,2020-05
2020-05,Pan,ME,20,5.65,Maine,ME,23,8.7,Maine,2020-05
2020-05,Pan,MI,87,6.091954022988506,Michigan,MI,26,21.1,Michigan,2020-05
2020-05,Pan,MN,55,6.0181818181818185,Minnesota,MN,27,11.1,Minnesota,2020-05
2020-05,Pan,MO,66,6.2272727272727275,Missouri,MO,29,9.7,Missouri,2020-05
2020-05,Pan,MS,28,5.857142857142857,Mississippi,MS,28,11.5,Mississippi,2020-05
2020-05,Pan,MT,19,5.684210526315789,Montana,MT,30,8.9,Montana,2020-05
2020-05,Pan,NC,93,5.956989247311828,North Carolina,NC,37,13.7,North Carolina,2020-05
2020-05,Pan,ND,9,5.444444444444445,North Dakota,ND,38,8.4,North Dakota,2020-05
2020-05,Pan,NE,12,6.0,Nebraska,NE,31,5.4,Nebraska,2020-05
2020-05,Pan,NH,16,6.0625,New Hampshire,NH,33,13.5,New Hampshire,2020-05
2020-05,Pan,NJ,88,6.0227272727272725,New Jersey,NJ,34,16.6,New Jersey,2020-05
2020-05,Pan,NM,27,6.074074074074074,New Mexico,NM,35,10.0,New Mexico,2020-05
2020-05,Pan,NV,30,6.5,Nevada,NV,32,24.6,Nevada,2020-05
2020-05,Pan,NY,190,5.91578947368421,New York,NY,36,15.7,New York,2020-05
2020-05,Pan,OH,108,5.935185185185185,Ohio,OH,39,14.6,Ohio,2020-05
2020-05,Pan,OK,48,6.229166666666667,Oklahoma,OK,40,9.9,Oklahoma,2020-05
2020-05,Pan,OR,39,5.666666666666667,Oregon,OR,41,11.6,Oregon,2020-05
2020-05,Pan,PA,110,5.945454545454545,Pennsylvania,PA,42,13.7,Pennsylvania,2020-05
2020-05,Pan,RI,7,5.571428571428571,Rhode Island,RI,44,13.6,Rhode Island,2020-05
2020-05,Pan,SC,55,5.945454545454545,South Carolina,SC,45,11.4,South Carolina,2020-05
2020-05,Pan,SD,8,6.0,South Dakota,SD,46,7.1,South Dakota,2020-05
2020-05,Pan,TN,59,6.067796610169491,Tennessee,TN,47,9.8,Tennessee,2020-05
2020-05,Pan,TX,278,5.888489208633094,Texas,TX,48,11.8,Texas,2020-05
2020-05,Pan,UT,34,5.9411764705882355,Utah,UT,49,7.6,Utah,2020-05
2020-05,Pan,VA,98,6.071428571428571,Virginia,VA,51,8.6,Virginia,2020-05
2020-05,Pan,VT,5,6.6,Vermont,VT,50,9.4,Vermont,2020-05
2020-05,Pan,WA,96,5.96875,Washington,WA,53,12.7,Washington,2020-05
2020-05,Pan,WI,51,5.901960784313726,Wisconsin,WI,55,10.7,Wisconsin,2020-05
2020-05,Pan,WV,20,6.0,West Virginia,WV,54,12.3,West Virginia,2020-05
2020-05,Pan,WY,4,5.25,Wyoming,WY,56,8.7,Wyoming,2020-05
2020-06,Pan,AK,9,6.333333333333333,Alaska,AK,2,11.2,Alaska,2020-06
2020-06,Pan,AL,47,6.0638297872340425,Alabama,AL,1,8.0,Alabama,2020-06
2020-06,Pan,AR,24,6.0,Arkansas,AR,5,7.9,Arkansas,2020-06
2020-06,Pan,AZ,70,6.0285714285714285,Arizona,AZ,4,10.8,Arizona,2020-06
2020-06,Pan,CA,364,5.928571428571429,California,CA,6,14.1,California,2020-06
2020-06,Pan,CO,57,5.754385964912281,Colorado,CO,8,11.4,Colorado,2020-06
2020-06,Pan,CT,47,6.0638297872340425,Connecticut,CT,9,11.4,Connecticut,2020-06
2020-06,Pan,DC,9,6.111111111111111,District of Columbia,DC,11,9.2,District of Columbia,2020-06
2020-06,Pan,DE,10,6.3,Delaware,DE,10,13.3,Delaware,2020-06
2020-06,Pan,FL,220,6.072727272727272,Florida,FL,12,11.7,Florida,2020-06
2020-06,Pan,GA,101,6.01980198019802,Georgia,GA,13,8.7,Georgia,2020-06
2020-06,Pan,HI,20,6.0,Hawaii,HI,15,14.4,Hawaii,2020-06
2020-06,Pan,IA,29,5.689655172413793,Iowa,IA,19,7.3,Iowa,2020-06
2020-06,Pan,ID,14,6.285714285714286,Idaho,ID,16,6.8,Idaho,2020-06
2020-06,Pan,IL,120,6.041666666666667,Illinois,IL,17,14.4,Illinois,2020-06
2020-06,Pan,IN,54,5.944444444444445,Indiana,IN,18,10.3,Indiana,2020-06
2020-06,Pan,KS,29,6.137931034482759,Kansas,KS,20,6.8,Kansas,2020-06
2020-06,Pan,KY,34,5.676470588235294,Kentucky,KY,21,5.9,Kentucky,2020-06
2020-06,Pan,LA,61,6.065573770491803,Louisiana,LA,22,10.3,Louisiana,2020-06
2020-06,Pan,MA,54,6.111111111111111,Massachusetts,MA,25,14.8,Massachusetts,2020-06
2020-06,Pan,MD,51,5.921568627450981,Maryland,MD,24,8.6,Maryland,2020-06
2020-06,Pan,ME,12,6.0,Maine,ME,23,5.1,Maine,2020-06
2020-06,Pan,MI,87,5.954022988505747,Michigan,MI,26,14.2,Michigan,2020-06
2020-06,Pan,MN,64,5.78125,Minnesota,MN,27,8.8,Minnesota,2020-06
2020-06,Pan,MO,57,6.0701754385964914,Missouri,MO,29,8.1,Missouri,2020-06
2020-06,Pan,MS,21,6.142857142857143,Mississippi,MS,28,10.3,Mississippi,2020-06
2020-06,Pan,MT,9,6.111111111111111,Montana,MT,30,7.3,Montana,2020-06
2020-06,Pan,NC,103,6.048543689320389,North Carolina,NC,37,8.9,North Carolina,2020-06
2020-06,Pan,ND,12,6.0,North Dakota,ND,38,6.3,North Dakota,2020-06
2020-06,Pan,NE,14,5.714285714285714,Nebraska,NE,31,6.6,Nebraska,2020-06
2020-06,Pan,NH,13,5.846153846153846,New Hampshire,NH,33,10.2,New Hampshire,2020-06
2020-06,Pan,NJ,80,5.975,New Jersey,NJ,34,16.1,New Jersey,2020-06
2020-06,Pan,NM,13,5.923076923076923,New Mexico,NM,35,10.2,New Mexico,2020-06
2020-06,Pan,NV,21,5.714285714285714,Nevada,NV,32,15.5,Nevada,2020-06
2020-06,Pan,NY,183,5.934426229508197,New York,NY,36,14.8,New York,2020-06
2020-06,Pan,OH,96,6.03125,Ohio,OH,39,10.3,Ohio,2020-06
2020-06,Pan,OK,41,6.097560975609756,Oklahoma,OK,40,8.4,Oklahoma,2020-06
2020-06,Pan,OR,43,6.046511627906977,Oregon,OR,41,10.4,Oregon,2020-06
2020-06,Pan,PA,121,6.033057851239669,Pennsylvania,PA,42,13.2,Pennsylvania,2020-06
2020-06,Pan,RI,9,5.444444444444445,Rhode Island,RI,44,10.2,Rhode Island,2020-06
2020-06,Pan,SC,57,5.964912280701754,South Carolina,SC,45,7.8,South Carolina,2020-06
2020-06,Pan,SD,7,6.0,South Dakota,SD,46,5.7,South Dakota,2020-06
2020-06,Pan,TN,66,6.121212121212121,Tennessee,TN,47,9.9,Tennessee,2020-06
2020-06,Pan,TX,277,6.021660649819495,Texas,TX,48,10.3,Texas,2020-06
2020-06,Pan,UT,25,5.96,Utah,UT,49,6.4,Utah,2020-06
2020-06,Pan,VA,76,6.302631578947368,Virginia,VA,51,8.9,Virginia,2020-06
2020-06,Pan,VT,5,6.2,Vermont,VT,50,7.9,Vermont,2020-06
2020-06,Pan,WA,69,5.913043478260869,Washington,WA,53,10.8,Washington,2020-06
2020-06,Pan,WI,48,6.0,Wisconsin,WI,55,8.6,Wisconsin,2020-06
2020-06,Pan,WV,23,5.6521739130434785,West Virginia,WV,54,10.1,West Virginia,2020-06
2020-06,Pan,WY,4,6.5,Wyoming,WY,56,7.3,Wyoming,2020-06
2020-07,Pan,AK,6,6.166666666666667,Alaska,AK,2,10.2,Alaska,2020-07
2020-07,Pan,AL,42,5.904761904761905,Alabama,AL,1,7.9,Alabama,2020-07
2020-07,Pan,AR,20,6.4,Arkansas,AR,5,7.5,Arkansas,2020-07
2020-07,Pan,AZ,67,6.223880597014926,Arizona,AZ,4,10.9,Arizona,2020-07
2020-07,Pan,CA,378,5.941798941798941,California,CA,6,13.6,California,2020-07
2020-07,Pan,CO,50,5.68,Colorado,CO,8,7.5,Colorado,2020-07
2020-07,Pan,CT,48,5.833333333333333,Connecticut,CT,9,11.5,Connecticut,2020-07
2020-07,Pan,DC,7,6.285714285714286,District of Columbia,DC,11,9.5,District of Columbia,2020-07
2020-07,Pan,DE,17,6.176470588235294,Delaware,DE,10,8.6,Delaware,2020-07
2020-07,Pan,FL,207,5.990338164251208,Florida,FL,12,11.9,Florida,2020-07
2020-07,Pan,GA,123,5.951219512195122,Georgia,GA,13,8.1,Georgia,2020-07
2020-07,Pan,HI,15,5.933333333333334,Hawaii,HI,15,14.2,Hawaii,2020-07
2020-07,Pan,IA,35,5.714285714285714,Iowa,IA,19,5.9,Iowa,2020-07
2020-07,Pan,ID,16,6.0625,Idaho,ID,16,5.7,Idaho,2020-07
2020-07,Pan,IL,141,5.99290780141844,Illinois,IL,17,12.4,Illinois,2020-07
2020-07,Pan,IN,70,6.1,Indiana,IN,18,8.9,Indiana,2020-07
2020-07,Pan,KS,38,5.7368421052631575,Kansas,KS,20,7.3,Kansas,2020-07
2020-07,Pan,KY,41,6.097560975609756,Kentucky,KY,21,6.1,Kentucky,2020-07
2020-07,Pan,LA,39,5.948717948717949,Louisiana,LA,22,10.0,Louisiana,2020-07
2020-07,Pan,MA,47,6.340425531914893,Massachusetts,MA,25,10.1,Massachusetts,2020-07
2020-07,Pan,MD,69,5.956521739130435,Maryland,MD,24,8.8,Maryland,2020-07
2020-07,Pan,ME,11,6.454545454545454,Maine,ME,23,8.4,Maine,2020-07
2020-07,Pan,MI,90,6.0,Michigan,MI,26,9.5,Michigan,2020-07
2020-07,Pan,MN,61,6.016393442622951,Minnesota,MN,27,7.6,Minnesota,2020-07
2020-07,Pan,MO,50,6.14,Missouri,MO,29,7.3,Missouri,2020-07
2020-07,Pan,MS,25,5.96,Mississippi,MS,28,9.6,Mississippi,2020-07
2020-07,Pan,MT,9,6.222222222222222,Montana,MT,30,6.2,Montana,2020-07
2020-07,Pan,NC,100,4.17,North Carolina,NC,37,9.3,North Carolina,2020-07
2020-07,Pan,ND,9,6.555555555555555,North Dakota,ND,38,6.0,North Dakota,2020-07
2020-07,Pan,NE,15,4.066666666666666,Nebraska,NE,31,4.7,Nebraska,2020-07
2020-07,Pan,NH,11,4.181818181818182,New Hampshire,NH,33,8.1,New Hampshire,2020-07
2020-07,Pan,NJ,68,3.926470588235294,New Jersey,NJ,34,13.6,New Jersey,2020-07
2020-07,Pan,NM,22,3.772727272727273,New Mexico,NM,35,13.4,New Mexico,2020-07
2020-07,Pan,NV,27,3.740740740740741,Nevada,NV,32,16.8,Nevada,2020-07
2020-07,Pan,NY,169,4.106508875739645,New York,NY,36,14.8,New York,2020-07
2020-07,Pan,OH,102,6.107843137254902,Ohio,OH,39,9.5,Ohio,2020-07
2020-07,Pan,OK,35,5.9714285714285715,Oklahoma,OK,40,7.3,Oklahoma,2020-07
2020-07,Pan,OR,47,6.085106382978723,Oregon,OR,41,10.0,Oregon,2020-07
2020-07,Pan,PA,140,5.814285714285714,Pennsylvania,PA,42,13.5,Pennsylvania,2020-07
2020-07,Pan,RI,17,6.0,Rhode Island,RI,44,13.8,Rhode Island,2020-07
2020-07,Pan,SC,58,6.120689655172414,South Carolina,SC,45,7.9,South Carolina,2020-07
2020-07,Pan,SD,10,6.4,South Dakota,SD,46,5.1,South Dakota,2020-07
2020-07,Pan,TN,57,5.947368421052632,Tennessee,TN,47,9.4,Tennessee,2020-07
2020-07,Pan,TX,266,5.894736842105263,Texas,TX,48,9.6,Texas,2020-07
2020-07,Pan,UT,29,5.655172413793103,Utah,UT,49,5.5,Utah,2020-07
2020-07,Pan,VA,90,6.022222222222222,Virginia,VA,51,8.1,Virginia,2020-07
2020-07,Pan,VT,5,6.0,Vermont,VT,50,6.6,Vermont,2020-07
2020-07,Pan,WA,86,5.930232558139535,Washington,WA,53,10.7,Washington,2020-07
2020-07,Pan,WI,51,5.784313725490196,Wisconsin,WI,55,7.3,Wisconsin,2020-07
2020-07,Pan,WV,19,5.631578947368421,West Virginia,WV,54,9.5,West Virginia,2020-07
2020-07,Pan,WY,5,5.8,Wyoming,WY,56,6.8,Wyoming,2020-07
2020-08,Pan,AK,14,5.857142857142857,Alaska,AK,2,6.2,Alaska,2020-08
2020-08,Pan,AL,58,5.913793103448276,Alabama,AL,1,7.3,Alabama,2020-08
2020-08,Pan,AR,18,5.722222222222222,Arkansas,AR,5,6.3,Arkansas,2020-08
2020-08,Pan,AZ,78,6.064102564102564,Arizona,AZ,4,7.1,Arizona,2020-08
2020-08,Pan,CA,404,6.014851485148514,California,CA,6,12.3,California,2020-08
2020-08,Pan,CO,54,5.7592592592592595,Colorado,CO,8,7.0,Colorado,2020-08
2020-08,Pan,CT,41,6.146341463414634,Connecticut,CT,9,8.3,Connecticut,2020-08
2020-08,Pan,DC,2,6.0,District of Columbia,DC,11,8.9,District of Columbia,2020-08
2020-08,Pan,DE,14,5.214285714285714,Delaware,DE,10,7.7,Delaware,2020-08
2020-08,Pan,FL,226,5.84070796460177,Florida,FL,12,8.0,Florida,2020-08
2020-08,Pan,GA,104,5.990384615384615,Georgia,GA,13,7.0,Georgia,2020-08
2020-08,Pan,HI,13,6.076923076923077,Hawaii,HI,15,14.1,Hawaii,2020-08
2020-08,Pan,IA,32,3.96875,Iowa,IA,19,4.9,Iowa,2020-08
2020-08,Pan,ID,15,4.133333333333334,Idaho,ID,16,4.3,Idaho,2020-08
2020-08,Pan,IL,124,4.048387096774194,Illinois,IL,17,11.0,Illinois,2020-08
2020-08,Pan,IN,64,5.96875,Indiana,IN,18,7.2,Indiana,2020-08
2020-08,Pan,KS,34,6.029411764705882,Kansas,KS,20,6.4,Kansas,2020-08
2020-08,Pan,KY,42,6.142857142857143,Kentucky,KY,21,5.2,Kentucky,2020-08
2020-08,Pan,LA,45,5.888888888888889,Louisiana,LA,22,8.3,Louisiana,2020-08
2020-08,Pan,MA,69,4.115942028985507,Massachusetts,MA,25,9.1,Massachusetts,2020-08
2020-08,Pan,MD,62,4.048387096774194,Maryland,MD,24,8.5,Maryland,2020-08
2020-08,Pan,ME,16,4.5,Maine,ME,23,4.3,Maine,2020-08
2020-08,Pan,MI,100,3.94,Michigan,MI,26,8.3,Michigan,2020-08
2020-08,Pan,MN,66,5.818181818181818,Minnesota,MN,27,6.3,Minnesota,2020-08
2020-08,Pan,MO,54,5.851851851851852,Missouri,MO,29,6.1,Missouri,2020-08
2020-08,Pan,MS,23,6.130434782608695,Mississippi,MS,28,7.7,Mississippi,2020-08
2020-08,Pan,MT,11,5.818181818181818,Montana,MT,30,5.2,Montana,2020-08
2020-08,Pan,NC,92,5.967391304347826,North Carolina,NC,37,6.9,North Carolina,2020-08
2020-08,Pan,ND,8,5.375,North Dakota,ND,38,5.8,North Dakota,2020-08
2020-08,Pan,NE,20,4.0,Nebraska,NE,31,3.9,Nebraska,2020-08
2020-08,Pan,NH,7,5.571428571428571,New Hampshire,NH,33,6.3,New Hampshire,2020-08
2020-08,Pan,NJ,89,6.033707865168539,New Jersey,NJ,34,10.9,New Jersey,2020-08
2020-08,Pan,NM,27,5.851851851851852,New Mexico,NM,35,9.4,New Mexico,2020-08
2020-08,Pan,NV,33,3.8484848484848486,Nevada,NV,32,14.4,Nevada,2020-08
2020-08,Pan,NY,171,6.04093567251462,New York,NY,36,11.6,New York,2020-08
2020-08,Pan,OH,103,6.019417475728155,Ohio,OH,39,8.6,Ohio,2020-08
2020-08,Pan,OK,30,5.966666666666667,Oklahoma,OK,40,6.1,Oklahoma,2020-08
2020-08,Pan,OR,54,6.018518518518518,Oregon,OR,41,8.3,Oregon,2020-08
2020-08,Pan,PA,146,5.890410958904109,Pennsylvania,PA,42,10.2,Pennsylvania,2020-08
2020-08,Pan,RI,10,5.5,Rhode Island,RI,44,12.5,Rhode Island,2020-08
2020-08,Pan,SC,53,6.113207547169812,South Carolina,SC,45,5.4,South Carolina,2020-08
2020-08,Pan,SD,14,4.142857142857143,South Dakota,SD,46,4.6,South Dakota,2020-08
2020-08,Pan,TN,61,4.262295081967213,Tennessee,TN,47,7.8,Tennessee,2020-08
2020-08,Pan,TX,294,5.931972789115647,Texas,TX,48,6.9,Texas,2020-08
2020-08,Pan,UT,24,4.333333333333333,Utah,UT,49,4.8,Utah,2020-08
2020-08,Pan,VA,85,5.9411764705882355,Virginia,VA,51,7.1,Virginia,2020-08
2020-08,Pan,VT,3,3.3333333333333335,Vermont,VT,50,5.0,Vermont,2020-08
2020-08,Pan,WA,96,6.072916666666667,Washington,WA,53,8.6,Washington,2020-08
2020-08,Pan,WI,50,6.0,Wisconsin,WI,55,5.8,Wisconsin,2020-08
2020-08,Pan,WV,26,6.269230769230769,West Virginia,WV,54,8.3,West Virginia,2020-08
2020-08,Pan,WY,1,4.0,Wyoming,WY,56,5.9,Wyoming,2020-08
2020-09,Pan,AK,5,6.4,Alaska,AK,2,6.5,Alaska,2020-09
2020-09,Pan,AL,49,5.857142857142857,Alabama,AL,1,6.8,Alabama,2020-09
2020-09,Pan,AR,31,6.290322580645161,Arkansas,AR,5,5.8,Arkansas,2020-09
2020-09,Pan,AZ,85,6.0,Arizona,AZ,4,7.0,Arizona,2020-09
2020-09,Pan,CA,409,5.963325183374083,California,CA,6,10.5,California,2020-09
2020-09,Pan,CO,54,6.037037037037037,Colorado,CO,8,6.8,Colorado,2020-09
2020-09,Pan,CT,33,6.090909090909091,Connecticut,CT,9,8.2,Connecticut,2020-09
2020-09,Pan,DC,8,5.5,District of Columbia,DC,11,8.8,District of Columbia,2020-09
2020-09,Pan,DE,7,5.714285714285714,Delaware,DE,10,7.3,Delaware,2020-09
2020-09,Pan,FL,204,5.931372549019608,Florida,FL,12,7.3,Florida,2020-09
2020-09,Pan,GA,104,5.951923076923077,Georgia,GA,13,6.4,Georgia,2020-09
2020-09,Pan,HI,17,5.647058823529412,Hawaii,HI,15,15.3,Hawaii,2020-09
2020-09,Pan,IA,31,4.129032258064516,Iowa,IA,19,4.2,Iowa,2020-09
2020-09,Pan,ID,14,5.071428571428571,Idaho,ID,16,5.5,Idaho,2020-09
2020-09,Pan,IL,133,5.977443609022556,Illinois,IL,17,10.1,Illinois,2020-09
2020-09,Pan,IN,70,6.071428571428571,Indiana,IN,18,6.0,Indiana,2020-09
2020-09,Pan,KS,33,5.878787878787879,Kansas,KS,20,5.9,Kansas,2020-09
2020-09,Pan,KY,42,5.666666666666667,Kentucky,KY,21,5.2,Kentucky,2020-09
2020-09,Pan,LA,47,5.787234042553192,Louisiana,LA,22,8.2,Louisiana,2020-09
2020-09,Pan,MA,69,6.028985507246377,Massachusetts,MA,25,8.9,Massachusetts,2020-09
2020-09,Pan,MD,45,6.177777777777778,Maryland,MD,24,6.9,Maryland,2020-09
2020-09,Pan,ME,12,4.0,Maine,ME,23,4.0,Maine,2020-09
2020-09,Pan,MI,92,5.978260869565218,Michigan,MI,26,7.8,Michigan,2020-09
2020-09,Pan,MN,46,5.934782608695652,Minnesota,MN,27,5.5,Minnesota,2020-09
2020-09,Pan,MO,57,4.035087719298246,Missouri,MO,29,4.8,Missouri,2020-09
2020-09,Pan,MS,30,6.0,Mississippi,MS,28,7.0,Mississippi,2020-09
2020-09,Pan,MT,14,4.285714285714286,Montana,MT,30,4.5,Montana,2020-09
2020-09,Pan,NC,95,6.178947368421053,North Carolina,NC,37,7.1,North Carolina,2020-09
2020-09,Pan,ND,7,3.857142857142857,North Dakota,ND,38,4.1,North Dakota,2020-09
2020-09,Pan,NE,13,3.769230769230769,Nebraska,NE,31,3.7,Nebraska,2020-09
2020-09,Pan,NH,17,6.0588235294117645,New Hampshire,NH,33,5.4,New Hampshire,2020-09
2020-09,Pan,NJ,100,5.83,New Jersey,NJ,34,7.7,New Jersey,2020-09
2020-09,Pan,NM,19,5.894736842105263,New Mexico,NM,35,8.6,New Mexico,2020-09
2020-09,Pan,NV,30,4.066666666666666,Nevada,NV,32,13.0,Nevada,2020-09
2020-09,Pan,NY,227,5.969162995594714,New York,NY,36,9.9,New York,2020-09
2020-09,Pan,OH,115,6.026086956521739,Ohio,OH,39,7.3,Ohio,2020-09
2020-09,Pan,OK,41,6.195121951219512,Oklahoma,OK,40,5.5,Oklahoma,2020-09
2020-09,Pan,OR,48,6.104166666666667,Oregon,OR,41,7.3,Oregon,2020-09
2020-09,Pan,PA,138,6.028985507246377,Pennsylvania,PA,42,7.0,Pennsylvania,2020-09
2020-09,Pan,RI,11,5.636363636363637,Rhode Island,RI,44,10.3,Rhode Island,2020-09
2020-09,Pan,SC,51,5.901960784313726,South Carolina,SC,45,5.1,South Carolina,2020-09
2020-09,Pan,SD,8,3.875,South Dakota,SD,46,3.6,South Dakota,2020-09
2020-09,Pan,TN,70,4.214285714285714,Tennessee,TN,47,7.6,Tennessee,2020-09
2020-09,Pan,TX,273,4.018315018315018,Texas,TX,48,8.0,Texas,2020-09
2020-09,Pan,UT,33,4.03030303030303,Utah,UT,49,4.0,Utah,2020-09
2020-09,Pan,VA,84,5.9523809523809526,Virginia,VA,51,6.4,Virginia,2020-09
2020-09,Pan,VT,8,4.25,Vermont,VT,50,4.5,Vermont,2020-09
2020-09,Pan,WA,65,6.061538461538461,Washington,WA,53,7.6,Washington,2020-09
2020-09,Pan,WI,65,3.7384615384615385,Wisconsin,WI,55,4.9,Wisconsin,2020-09
2020-09,Pan,WV,15,5.466666666666667,West Virginia,WV,54,7.2,West Virginia,2020-09
2020-09,Pan,WY,6,6.0,Wyoming,WY,56,5.5,Wyoming,2020-09
2020-10,Pan,AK,9,5.666666666666667,Alaska,AK,2,5.9,Alaska,2020-10
2020-10,Pan,AL,39,4.410256410256411,Alabama,AL,1,4.3,Alabama,2020-10
2020-10,Pan,AR,25,4.24,Arkansas,AR,5,4.8,Arkansas,2020-10
2020-10,Pan,AZ,71,5.943661971830986,Arizona,AZ,4,6.4,Arizona,2020-10
2020-10,Pan,CA,389,4.118251928020565,California,CA,6,9.3,California,2020-10
2020-10,Pan,CO,58,6.206896551724138,Colorado,CO,8,6.6,Colorado,2020-10
2020-10,Pan,CT,39,6.0,Connecticut,CT,9,7.7,Connecticut,2020-10
2020-10,Pan,DC,3,5.333333333333333,District of Columbia,DC,11,8.2,District of Columbia,2020-10
2020-10,Pan,DE,12,5.666666666666667,Delaware,DE,10,5.1,Delaware,2020-10
2020-10,Pan,FL,229,5.91703056768559,Florida,FL,12,5.6,Florida,2020-10
2020-10,Pan,GA,104,6.0576923076923075,Georgia,GA,13,5.4,Georgia,2020-10
2020-10,Pan,HI,13,5.846153846153846,Hawaii,HI,15,14.0,Hawaii,2020-10
2020-10,Pan,IA,30,4.1,Iowa,IA,19,3.4,Iowa,2020-10
2020-10,Pan,ID,14,3.4285714285714284,Idaho,ID,16,4.2,Idaho,2020-10
2020-10,Pan,IL,123,5.894308943089431,Illinois,IL,17,7.5,Illinois,2020-10
2020-10,Pan,IN,56,5.821428571428571,Indiana,IN,18,5.1,Indiana,2020-10
2020-10,Pan,KS,30,4.333333333333333,Kansas,KS,20,4.1,Kansas,2020-10
2020-10,Pan,KY,31,4.129032258064516,Kentucky,KY,21,4.9,Kentucky,2020-10
2020-10,Pan,LA,40,5.9,Louisiana,LA,22,7.5,Louisiana,2020-10
2020-10,Pan,MA,71,6.140845070422535,Massachusetts,MA,25,8.1,Massachusetts,2020-10
2020-10,Pan,MD,71,5.929577464788732,Maryland,MD,24,6.5,Maryland,2020-10
2020-10,Pan,ME,9,4.111111111111111,Maine,ME,23,4.2,Maine,2020-10
2020-10,Pan,MI,99,5.909090909090909,Michigan,MI,26,7.2,Michigan,2020-10
2020-10,Pan,MN,65,4.0,Minnesota,MN,27,4.6,Minnesota,2020-10
2020-10,Pan,MO,70,4.0285714285714285,Missouri,MO,29,4.0,Missouri,2020-10
2020-10,Pan,MS,23,6.043478260869565,Mississippi,MS,28,6.2,Mississippi,2020-10
2020-10,Pan,MT,14,4.285714285714286,Montana,MT,30,4.1,Montana,2020-10
2020-10,Pan,NC,89,5.876404494382022,North Carolina,NC,37,6.4,North Carolina,2020-10
2020-10,Pan,ND,4,4.5,North Dakota,ND,38,3.7,North Dakota,2020-10
2020-10,Pan,NE,23,3.9130434782608696,Nebraska,NE,31,3.2,Nebraska,2020-10
2020-10,Pan,NH,19,4.368421052631579,New Hampshire,NH,33,4.2,New Hampshire,2020-10
2020-10,Pan,NJ,94,5.819148936170213,New Jersey,NJ,34,7.1,New Jersey,2020-10
2020-10,Pan,NM,22,6.2727272727272725,New Mexico,NM,35,8.0,New Mexico,2020-10
2020-10,Pan,NV,36,4.444444444444445,Nevada,NV,32,11.6,Nevada,2020-10
2020-10,Pan,NY,204,5.980392156862745,New York,NY,36,8.3,New York,2020-10
2020-10,Pan,OH,107,4.037383177570093,Ohio,OH,39,4.9,Ohio,2020-10
2020-10,Pan,OK,34,4.205882352941177,Oklahoma,OK,40,4.9,Oklahoma,2020-10
2020-10,Pan,OR,32,5.90625,Oregon,OR,41,6.5,Oregon,2020-10
2020-10,Pan,PA,144,6.020833333333333,Pennsylvania,PA,42,6.4,Pennsylvania,2020-10
2020-10,Pan,RI,4,5.75,Rhode Island,RI,44,6.4,Rhode Island,2020-10
2020-10,Pan,SC,53,4.0754716981132075,South Carolina,SC,45,5.0,South Carolina,2020-10
2020-10,Pan,SD,7,4.714285714285714,South Dakota,SD,46,3.2,South Dakota,2020-10
2020-10,Pan,TN,78,6.038461538461538,Tennessee,TN,47,7.4,Tennessee,2020-10
2020-10,Pan,TX,296,5.993243243243243,Texas,TX,48,6.9,Texas,2020-10
2020-10,Pan,UT,34,4.029411764705882,Utah,UT,49,3.4,Utah,2020-10
2020-10,Pan,VA,92,6.141304347826087,Virginia,VA,51,5.7,Virginia,2020-10
2020-10,Pan,VT,11,4.090909090909091,Vermont,VT,50,2.9,Vermont,2020-10
2020-10,Pan,WA,81,5.790123456790123,Washington,WA,53,6.3,Washington,2020-10
2020-10,Pan,WI,54,3.9444444444444446,Wisconsin,WI,55,4.3,Wisconsin,2020-10
2020-10,Pan,WV,17,5.529411764705882,West Virginia,WV,54,6.3,West Virginia,2020-10
2020-10,Pan,WY,8,3.5,Wyoming,WY,56,4.4,Wyoming,2020-10
2020-11,Pan,AK,6,6.666666666666667,Alaska,AK,2,6.3,Alaska,2020-11
2020-11,Pan,AL,53,3.943396226415094,Alabama,AL,1,3.8,Alabama,2020-11
2020-11,Pan,AR,20,3.8,Arkansas,AR,5,4.8,Arkansas,2020-11
2020-11,Pan,AZ,69,5.913043478260869,Arizona,AZ,4,6.4,Arizona,2020-11
2020-11,Pan,CA,417,4.086330935251799,California,CA,6,8.3,California,2020-11
2020-11,Pan,CO,53,6.037735849056604,Colorado,CO,8,6.7,Colorado,2020-11
2020-11,Pan,CT,32,5.9375,Connecticut,CT,9,7.5,Connecticut,2020-11
2020-11,Pan,DC,3,6.333333333333333,District of Columbia,DC,11,8.4,District of Columbia,2020-11
2020-11,Pan,DE,12,5.75,Delaware,DE,10,5.1,Delaware,2020-11
2020-11,Pan,FL,200,4.085,Florida,FL,12,5.0,Florida,2020-11
2020-11,Pan,GA,106,5.90566037735849,Georgia,GA,13,5.3,Georgia,2020-11
2020-11,Pan,HI,12,5.75,Hawaii,HI,15,10.4,Hawaii,2020-11
2020-11,Pan,IA,30,4.066666666666666,Iowa,IA,19,3.7,Iowa,2020-11
2020-11,Pan,ID,23,4.217391304347826,Idaho,ID,16,4.1,Idaho,2020-11
2020-11,Pan,IL,117,4.042735042735043,Illinois,IL,17,7.6,Illinois,2020-11
2020-11,Pan,IN,74,4.283783783783784,Indiana,IN,18,4.8,Indiana,2020-11
2020-11,Pan,KS,34,3.7941176470588234,Kansas,KS,20,4.2,Kansas,2020-11
2020-11,Pan,KY,43,6.162790697674419,Kentucky,KY,21,5.1,Kentucky,2020-11
2020-11,Pan,LA,43,6.0,Louisiana,LA,22,7.3,Louisiana,2020-11
2020-11,Pan,MA,72,5.777777777777778,Massachusetts,MA,25,7.7,Massachusetts,2020-11
2020-11,Pan,MD,63,5.841269841269841,Maryland,MD,24,6.6,Maryland,2020-11
2020-11,Pan,ME,15,4.266666666666667,Maine,ME,23,4.7,Maine,2020-11
2020-11,Pan,MI,97,5.896907216494846,Michigan,MI,26,7.4,Michigan,2020-11
2020-11,Pan,MN,63,3.984126984126984,Minnesota,MN,27,4.3,Minnesota,2020-11
2020-11,Pan,MO,83,4.048192771084337,Missouri,MO,29,4.2,Missouri,2020-11
2020-11,Pan,MS,25,6.16,Mississippi,MS,28,6.3,Mississippi,2020-11
2020-11,Pan,MT,6,3.8333333333333335,Montana,MT,30,4.3,Montana,2020-11
2020-11,Pan,NC,131,5.801526717557252,North Carolina,NC,37,6.3,North Carolina,2020-11
2020-11,Pan,ND,7,4.0,North Dakota,ND,38,4.3,North Dakota,2020-11
2020-11,Pan,NE,31,4.387096774193548,Nebraska,NE,31,2.9,Nebraska,2020-11
2020-11,Pan,NH,14,4.0,New Hampshire,NH,33,4.0,New Hampshire,2020-11
2020-11,Pan,NJ,85,4.117647058823529,New Jersey,NJ,34,9.6,New Jersey,2020-11
2020-11,Pan,NM,24,4.125,New Mexico,NM,35,8.1,New Mexico,2020-11
2020-11,Pan,NV,33,3.696969696969697,Nevada,NV,32,8.4,Nevada,2020-11
2020-11,Pan,NY,187,4.106951871657754,New York,NY,36,8.3,New York,2020-11
2020-11,Pan,OH,120,3.966666666666667,Ohio,OH,39,4.9,Ohio,2020-11
2020-11,Pan,OK,45,3.8444444444444446,Oklahoma,OK,40,4.7,Oklahoma,2020-11
2020-11,Pan,OR,58,5.982758620689655,Oregon,OR,41,6.1,Oregon,2020-11
2020-11,Pan,PA,110,6.045454545454546,Pennsylvania,PA,42,6.5,Pennsylvania,2020-11
2020-11,Pan,RI,8,6.625,Rhode Island,RI,44,7.7,Rhode Island,2020-11
2020-11,Pan,SC,39,6.051282051282051,South Carolina,SC,45,5.4,South Carolina,2020-11
2020-11,Pan,SD,9,3.7777777777777777,South Dakota,SD,46,3.3,South Dakota,2020-11
2020-11,Pan,TN,66,6.0606060606060606,Tennessee,TN,47,5.1,Tennessee,2020-11
2020-11,Pan,TX,275,5.916363636363636,Texas,TX,48,6.9,Texas,2020-11
2020-11,Pan,UT,35,4.228571428571429,Utah,UT,49,3.2,Utah,2020-11
2020-11,Pan,VA,93,5.881720430107527,Virginia,VA,51,5.5,Virginia,2020-11
2020-11,Pan,VT,7,4.142857142857143,Vermont,VT,50,3.2,Vermont,2020-11
2020-11,Pan,WA,81,6.135802469135802,Washington,WA,53,6.5,Washington,2020-11
2020-11,Pan,WI,59,4.135593220338983,Wisconsin,WI,55,4.1,Wisconsin,2020-11
2020-11,Pan,WV,25,5.72,West Virginia,WV,54,6.5,West Virginia,2020-11
2020-11,Pan,WY,7,4.142857142857143,Wyoming,WY,56,4.8,Wyoming,2020-11
2020-12,Pan,AK,4,6.25,Alaska,AK,2,6.6,Alaska,2020-12
2020-12,Pan,AL,56,4.160714285714286,Alabama,AL,1,3.5,Alabama,2020-12
2020-12,Pan,AR,28,4.285714285714286,Arkansas,AR,5,4.7,Arkansas,2020-12
2020-12,Pan,AZ,88,5.988636363636363,Arizona,AZ,4,6.7,Arizona,2020-12
2020-12,Pan,CA,366,3.980874316939891,California,CA,6,9.1,California,2020-12
2020-12,Pan,CO,56,6.035714285714286,Colorado,CO,8,6.9,Colorado,2020-12
2020-12,Pan,CT,34,5.676470588235294,Connecticut,CT,9,7.7,Connecticut,2020-12
2020-12,Pan,DC,6,6.5,District of Columbia,DC,11,8.8,District of Columbia,2020-12
2020-12,Pan,DE,12,6.5,Delaware,DE,10,5.8,Delaware,2020-12
2020-12,Pan,FL,243,4.0,Florida,FL,12,4.2,Florida,2020-12
2020-12,Pan,GA,117,6.076923076923077,Georgia,GA,13,5.6,Georgia,2020-12
2020-12,Pan,HI,12,5.416666666666667,Hawaii,HI,15,9.3,Hawaii,2020-12
2020-12,Pan,IA,30,3.8333333333333335,Iowa,IA,19,4.1,Iowa,2020-12
2020-12,Pan,ID,14,4.071428571428571,Idaho,ID,16,4.0,Idaho,2020-12
2020-12,Pan,IL,120,4.075,Illinois,IL,17,7.9,Illinois,2020-12
2020-12,Pan,IN,76,4.105263157894737,Indiana,IN,18,4.4,Indiana,2020-12
2020-12,Pan,KS,31,4.0,Kansas,KS,20,4.2,Kansas,2020-12
2020-12,Pan,KY,34,6.029411764705882,Kentucky,KY,21,5.4,Kentucky,2020-12
2020-12,Pan,LA,39,5.897435897435898,Louisiana,LA,22,7.3,Louisiana,2020-12
2020-12,Pan,MA,64,6.0625,Massachusetts,MA,25,7.3,Massachusetts,2020-12
2020-12,Pan,MD,50,5.72,Maryland,MD,24,6.7,Maryland,2020-12
2020-12,Pan,ME,14,5.714285714285714,Maine,ME,23,5.2,Maine,2020-12
2020-12,Pan,MI,77,6.025974025974026,Michigan,MI,26,8.3,Michigan,2020-12
2020-12,Pan,MN,52,4.1923076923076925,Minnesota,MN,27,4.9,Minnesota,2020-12
2020-12,Pan,MO,58,3.9827586206896552,Missouri,MO,29,4.6,Missouri,2020-12
2020-12,Pan,MS,24,6.125,Mississippi,MS,28,6.5,Mississippi,2020-12
2020-12,Pan,MT,10,3.8,Montana,MT,30,4.6,Montana,2020-12
2020-12,Pan,NC,108,5.953703703703703,North Carolina,NC,37,6.1,North Carolina,2020-12
2020-12,Pan,ND,7,4.0,North Dakota,ND,38,4.8,North Dakota,2020-12
2020-12,Pan,NE,19,4.052631578947368,Nebraska,NE,31,3.0,Nebraska,2020-12
2020-12,Pan,NH,14,3.9285714285714284,New Hampshire,NH,33,3.7,New Hampshire,2020-12
2020-12,Pan,NJ,90,5.8,New Jersey,NJ,34,7.2,New Jersey,2020-12
2020-12,Pan,NM,11,6.2727272727272725,New Mexico,NM,35,8.3,New Mexico,2020-12
2020-12,Pan,NV,42,4.119047619047619,Nevada,NV,32,8.2,Nevada,2020-12
2020-12,Pan,NY,183,5.879781420765028,New York,NY,36,8.5,New York,2020-12
2020-12,Pan,OH,90,6.0,Ohio,OH,39,5.3,Ohio,2020-12
2020-12,Pan,OK,37,3.972972972972973,Oklahoma,OK,40,4.6,Oklahoma,2020-12
2020-12,Pan,OR,39,6.102564102564102,Oregon,OR,41,6.2,Oregon,2020-12
2020-12,Pan,PA,111,5.936936936936937,Pennsylvania,PA,42,6.9,Pennsylvania,2020-12
2020-12,Pan,RI,8,5.625,Rhode Island,RI,44,7.8,Rhode Island,2020-12
2020-12,Pan,SC,48,5.833333333333333,South Carolina,SC,45,5.9,South Carolina,2020-12
2020-12,Pan,SD,4,4.75,South Dakota,SD,46,3.5,South Dakota,2020-12
2020-12,Pan,TN,60,6.25,Tennessee,TN,47,5.6,Tennessee,2020-12
2020-12,Pan,TX,285,5.898245614035088,Texas,TX,48,6.7,Texas,2020-12
2020-12,Pan,UT,26,4.3076923076923075,Utah,UT,49,3.0,Utah,2020-12
2020-12,Pan,VA,90,5.822222222222222,Virginia,VA,51,5.7,Virginia,2020-12
2020-12,Pan,VT,5,3.4,Vermont,VT,50,3.3,Vermont,2020-12
2020-12,Pan,WA,87,6.091954022988506,Washington,WA,53,6.6,Washington,2020-12
2020-12,Pan,WI,63,3.9682539682539684,Wisconsin,WI,55,4.0,Wisconsin,2020-12
2020-12,Pan,WV,14,5.857142857142857,West Virginia,WV,54,7.2,West Virginia,2020-12
2020-12,Pan,WY,4,5.5,Wyoming,WY,56,5.3,Wyoming,2020-12
2021-01,Post,AK,9,5.555555555555555,Alaska,AK,2,6.9,Alaska,2021-01
2021-01,Post,AL,30,3.9,Alabama,AL,1,4.0,Alabama,2021-01
2021-01,Post,AR,21,5.904761904761905,Arkansas,AR,5,5.1,Arkansas,2021-01
2021-01,Post,AZ,32,6.125,Arizona,AZ,4,6.9,Arizona,2021-01
2021-01,Post,CA,182,5.9010989010989015,California,CA,6,9.2,California,2021-01
2021-01,Post,CO,41,6.219512195121951,Colorado,CO,8,6.9,Colorado,2021-01
2021-01,Post,CT,19,6.2105263157894735,Connecticut,CT,9,8.5,Connecticut,2021-01
2021-01,Post,DC,3,5.666666666666667,District of Columbia,DC,11,7.9,District of Columbia,2021-01
2021-01,Post,DE,4,5.0,Delaware,DE,10,6.4,Delaware,2021-01
2021-01,Post,FL,106,5.9245283018867925,Florida,FL,12,5.3,Florida,2021-01
2021-01,Post,GA,53,4.056603773584905,Georgia,GA,13,5.0,Georgia,2021-01
2021-01,Post,HI,7,4.0,Hawaii,HI,15,9.9,Hawaii,2021-01
2021-01,Post,IA,16,4.1875,Iowa,IA,19,4.8,Iowa,2021-01
2021-01,Post,ID,9,3.4444444444444446,Idaho,ID,16,4.4,Idaho,2021-01
2021-01,Post,IL,74,3.972972972972973,Illinois,IL,17,8.4,Illinois,2021-01
2021-01,Post,IN,42,4.166666666666667,Indiana,IN,18,4.7,Indiana,2021-01
2021-01,Post,KS,15,5.6,Kansas,KS,20,5.3,Kansas,2021-01
2021-01,Post,KY,21,6.333333333333333,Kentucky,KY,21,5.3,Kentucky,2021-01
2021-01,Post,LA,24,5.916666666666667,Louisiana,LA,22,7.6,Louisiana,2021-01
2021-01,Post,MA,36,6.0,Massachusetts,MA,25,7.5,Massachusetts,2021-01
2021-01,Post,MD,46,6.173913043478261,Maryland,MD,24,6.4,Maryland,2021-01
2021-01,Post,ME,8,6.375,Maine,ME,23,6.4,Maine,2021-01
2021-01,Post,MI,51,5.764705882352941,Michigan,MI,26,6.1,Michigan,2021-01
2021-01,Post,MN,24,4.125,Minnesota,MN,27,5.0,Minnesota,2021-01
2021-01,Post,MO,34,5.9411764705882355,Missouri,MO,29,5.1,Missouri,2021-01
2021-01,Post,MS,18,6.277777777777778,Mississippi,MS,28,6.2,Mississippi,2021-01
2021-01,Post,MT,6,4.166666666666667,Montana,MT,30,5.0,Montana,2021-01
2021-01,Post,NC,46,6.173913043478261,North Carolina,NC,37,6.0,North Carolina,2021-01
2021-01,Post,ND,2,4.5,North Dakota,ND,38,5.0,North Dakota,2021-01
2021-01,Post,NE,6,3.8333333333333335,Nebraska,NE,31,3.2,Nebraska,2021-01
2021-01,Post,NH,8,3.625,New Hampshire,NH,33,4.0,New Hampshire,2021-01
2021-01,Post,NJ,63,4.126984126984127,New Jersey,NJ,34,8.0,New Jersey,2021-01
2021-01,Post,NM,10,4.2,New Mexico,NM,35,9.1,New Mexico,2021-01
2021-01,Post,NV,8,3.625,Nevada,NV,32,8.4,Nevada,2021-01
2021-01,Post,NY,108,4.212962962962963,New York,NY,36,9.4,New York,2021-01
2021-01,Post,OH,67,5.880597014925373,Ohio,OH,39,6.0,Ohio,2021-01
2021-01,Post,OK,21,6.0,Oklahoma,OK,40,5.1,Oklahoma,2021-01
2021-01,Post,OR,20,6.0,Oregon,OR,41,7.1,Oregon,2021-01
2021-01,Post,PA,75,5.906666666666666,Pennsylvania,PA,42,8.0,Pennsylvania,2021-01
2021-01,Post,RI,9,5.888888888888889,Rhode Island,RI,44,8.5,Rhode Island,2021-01
2021-01,Post,SC,26,6.1923076923076925,South Carolina,SC,45,5.4,South Carolina,2021-01
2021-01,Post,SD,6,3.6666666666666665,South Dakota,SD,46,3.3,South Dakota,2021-01
2021-01,Post,TN,40,5.9,Tennessee,TN,47,5.4,Tennessee,2021-01
2021-01,Post,TX,154,6.025974025974026,Texas,TX,48,7.3,Texas,2021-01
2021-01,Post,UT,16,3.9375,Utah,UT,49,3.5,Utah,2021-01
2021-01,Post,VA,53,5.9245283018867925,Virginia,VA,51,5.7,Virginia,2021-01
2021-01,Post,WA,44,5.545454545454546,Washington,WA,53,6.8,Washington,2021-01
2021-01,Post,WI,32,4.40625,Wisconsin,WI,55,4.5,Wisconsin,2021-01
2021-01,Post,WV,11,5.818181818181818,West Virginia,WV,54,7.1,West Virginia,2021-01
2021-01,Post,WY,4,5.75,Wyoming,WY,56,6.2,Wyoming,2021-01
2021-02,Post,AL,20,3.95,Alabama,AL,1,3.7,Alabama,2021-02
2021-02,Post,AR,13,5.6923076923076925,Arkansas,AR,5,5.3,Arkansas,2021-02
2021-02,Post,AZ,32,5.6875,Arizona,AZ,4,7.1,Arizona,2021-02
2021-02,Post,CA,174,5.931034482758621,California,CA,6,8.4,California,2021-02
2021-02,Post,CO,22,6.090909090909091,Colorado,CO,8,6.7,Colorado,2021-02
2021-02,Post,CT,15,5.6,Connecticut,CT,9,8.3,Connecticut,2021-02
2021-02,Post,DC,9,6.222222222222222,District of Columbia,DC,11,7.6,District of Columbia,2021-02
2021-02,Post,DE,5,6.2,Delaware,DE,10,6.6,Delaware,2021-02
2021-02,Post,FL,85,5.811764705882353,Florida,FL,12,5.1,Florida,2021-02
2021-02,Post,GA,43,4.4186046511627906,Georgia,GA,13,4.4,Georgia,2021-02
2021-02,Post,HI,4,3.25,Hawaii,HI,15,8.6,Hawaii,2021-02
2021-02,Post,IA,14,3.9285714285714284,Iowa,IA,19,5.0,Iowa,2021-02
2021-02,Post,ID,12,4.25,Idaho,ID,16,4.5,Idaho,2021-02
2021-02,Post,IL,45,4.2,Illinois,IL,17,7.8,Illinois,2021-02
2021-02,Post,IN,37,3.891891891891892,Indiana,IN,18,4.7,Indiana,2021-02
2021-02,Post,KS,11,4.0,Kansas,KS,20,3.9,Kansas,2021-02
2021-02,Post,KY,24,5.583333333333333,Kentucky,KY,21,5.1,Kentucky,2021-02
2021-02,Post,LA,19,6.052631578947368,Louisiana,LA,22,7.1,Louisiana,2021-02
2021-02,Post,MA,33,6.0,Massachusetts,MA,25,7.3,Massachusetts,2021-02
2021-02,Post,MD,28,5.821428571428571,Maryland,MD,24,6.1,Maryland,2021-02
2021-02,Post,ME,4,6.0,Maine,ME,23,5.6,Maine,2021-02
2021-02,Post,MI,50,5.78,Michigan,MI,26,5.1,Michigan,2021-02
2021-02,Post,MN,26,4.423076923076923,Minnesota,MN,27,4.9,Minnesota,2021-02
2021-02,Post,MO,32,6.03125,Missouri,MO,29,5.2,Missouri,2021-02
2021-02,Post,MS,17,5.588235294117647,Mississippi,MS,28,6.1,Mississippi,2021-02
2021-02,Post,MT,4,4.75,Montana,MT,30,5.0,Montana,2021-02
2021-02,Post,NC,39,6.153846153846154,North Carolina,NC,37,5.6,North Carolina,2021-02
2021-02,Post,ND,3,6.0,North Dakota,ND,38,5.5,North Dakota,2021-02
2021-02,Post,NE,9,4.888888888888889,Nebraska,NE,31,3.2,Nebraska,2021-02
2021-02,Post,NH,4,3.75,New Hampshire,NH,33,3.1,New Hampshire,2021-02
2021-02,Post,NJ,38,4.157894736842105,New Jersey,NJ,34,8.2,New Jersey,2021-02
2021-02,Post,NM,8,3.75,New Mexico,NM,35,8.3,New Mexico,2021-02
2021-02,Post,NV,9,4.666666666666667,Nevada,NV,32,8.0,Nevada,2021-02
2021-02,Post,NY,75,4.1066666666666665,New York,NY,36,9.7,New York,2021-02
2021-02,Post,OH,53,5.962264150943396,Ohio,OH,39,5.6,Ohio,2021-02
2021-02,Post,OK,23,5.739130434782608,Oklahoma,OK,40,5.1,Oklahoma,2021-02
2021-02,Post,OR,16,5.9375,Oregon,OR,41,6.7,Oregon,2021-02
2021-02,Post,PA,56,6.017857142857143,Pennsylvania,PA,42,7.9,Pennsylvania,2021-02
2021-02,Post,RI,7,6.857142857142857,Rhode Island,RI,44,7.9,Rhode Island,2021-02
2021-02,Post,SC,22,5.636363636363637,South Carolina,SC,45,5.2,South Carolina,2021-02
2021-02,Post,SD,5,3.8,South Dakota,SD,46,3.6,South Dakota,2021-02
2021-02,Post,TN,24,3.7916666666666665,Tennessee,TN,47,4.9,Tennessee,2021-02
2021-02,Post,TX,94,6.053191489361702,Texas,TX,48,7.5,Texas,2021-02
2021-02,Post,UT,12,4.083333333333333,Utah,UT,49,3.6,Utah,2021-02
2021-02,Post,VA,29,6.0344827586206895,Virginia,VA,51,5.4,Virginia,2021-02
2021-02,Post,VT,6,3.8333333333333335,Vermont,VT,50,3.1,Vermont,2021-02
2021-02,Post,WA,40,5.95,Washington,WA,53,6.4,Washington,2021-02
2021-02,Post,WI,35,4.314285714285714,Wisconsin,WI,55,4.9,Wisconsin,2021-02
2021-02,Post,WV,11,6.181818181818182,West Virginia,WV,54,6.9,West Virginia,2021-02
2021-02,Post,WY,4,5.75,Wyoming,WY,56,6.5,Wyoming,2021-02
2021-03,Post,AK,1,6.0,Alaska,AK,2,7.4,Alaska,2021-03
2021-03,Post,AL,20,3.95,Alabama,AL,1,3.4,Alabama,2021-03
2021-03,Post,AR,16,4.25,Arkansas,AR,5,4.8,Arkansas,2021-03
2021-03,Post,AZ,38,6.447368421052632,Arizona,AZ,4,6.4,Arizona,2021-03
2021-03,Post,CA,179,4.078212290502793,California,CA,6,8.2,California,2021-03
2021-03,Post,CO,35,6.0285714285714285,Colorado,CO,8,6.5,Colorado,2021-03
2021-03,Post,CT,28,6.142857142857143,Connecticut,CT,9,8.2,Connecticut,2021-03
2021-03,Post,DC,3,5.666666666666667,District of Columbia,DC,11,6.9,District of Columbia,2021-03
2021-03,Post,DE,6,6.333333333333333,Delaware,DE,10,6.6,Delaware,2021-03
2021-03,Post,FL,122,6.090163934426229,Florida,FL,12,5.3,Florida,2021-03
2021-03,Post,GA,63,3.888888888888889,Georgia,GA,13,4.0,Georgia,2021-03
2021-03,Post,HI,3,3.6666666666666665,Hawaii,HI,15,8.7,Hawaii,2021-03
2021-03,Post,IA,14,4.142857142857143,Iowa,IA,19,4.5,Iowa,2021-03
2021-03,Post,ID,13,4.076923076923077,Idaho,ID,16,4.0,Idaho,2021-03
2021-03,Post,IL,76,5.828947368421052,Illinois,IL,17,7.1,Illinois,2021-03
2021-03,Post,IN,28,3.607142857142857,Indiana,IN,18,4.6,Indiana,2021-03
2021-03,Post,KS,11,3.8181818181818183,Kansas,KS,20,3.8,Kansas,2021-03
2021-03,Post,KY,31,3.935483870967742,Kentucky,KY,21,5.0,Kentucky,2021-03
2021-03,Post,LA,21,5.9523809523809526,Louisiana,LA,22,6.6,Louisiana,2021-03
2021-03,Post,MA,34,5.823529411764706,Massachusetts,MA,25,6.6,Massachusetts,2021-03
2021-03,Post,MD,24,6.125,Maryland,MD,24,6.1,Maryland,2021-03
2021-03,Post,ME,5,5.4,Maine,ME,23,5.4,Maine,2021-03
2021-03,Post,MI,53,5.943396226415095,Michigan,MI,26,5.2,Michigan,2021-03
2021-03,Post,MN,24,3.6666666666666665,Minnesota,MN,27,4.5,Minnesota,2021-03
2021-03,Post,MO,36,4.111111111111111,Missouri,MO,29,4.4,Missouri,2021-03
2021-03,Post,MS,18,5.888888888888889,Mississippi,MS,28,6.2,Mississippi,2021-03
2021-03,Post,MT,12,3.9166666666666665,Montana,MT,30,4.4,Montana,2021-03
2021-03,Post,NC,60,3.966666666666667,North Carolina,NC,37,4.6,North Carolina,2021-03
2021-03,Post,ND,4,3.75,North Dakota,ND,38,4.8,North Dakota,2021-03
2021-03,Post,NE,8,3.125,Nebraska,NE,31,2.8,Nebraska,2021-03
2021-03,Post,NH,3,3.0,New Hampshire,NH,33,3.2,New Hampshire,2021-03
2021-03,Post,NJ,51,3.8823529411764706,New Jersey,NJ,34,7.8,New Jersey,2021-03
2021-03,Post,NM,8,4.25,New Mexico,NM,35,7.9,New Mexico,2021-03
2021-03,Post,NV,12,3.6666666666666665,Nevada,NV,32,7.7,Nevada,2021-03
2021-03,Post,NY,101,4.089108910891089,New York,NY,36,8.4,New York,2021-03
2021-03,Post,OH,73,3.8493150684931505,Ohio,OH,39,4.9,Ohio,2021-03
2021-03,Post,OK,19,3.9473684210526314,Oklahoma,OK,40,4.2,Oklahoma,2021-03
2021-03,Post,OR,26,5.923076923076923,Oregon,OR,41,6.7,Oregon,2021-03
2021-03,Post,PA,57,5.9298245614035086,Pennsylvania,PA,42,7.3,Pennsylvania,2021-03
2021-03,Post,RI,7,5.571428571428571,Rhode Island,RI,44,7.2,Rhode Island,2021-03
2021-03,Post,SC,29,3.8275862068965516,South Carolina,SC,45,4.8,South Carolina,2021-03
2021-03,Post,SD,6,4.166666666666667,South Dakota,SD,46,3.3,South Dakota,2021-03
2021-03,Post,TN,26,5.653846153846154,Tennessee,TN,47,5.1,Tennessee,2021-03
2021-03,Post,TX,134,5.835820895522388,Texas,TX,48,7.1,Texas,2021-03
2021-03,Post,UT,14,4.142857142857143,Utah,UT,49,2.9,Utah,2021-03
2021-03,Post,VA,37,6.054054054054054,Virginia,VA,51,5.1,Virginia,2021-03
2021-03,Post,VT,1,3.0,Vermont,VT,50,3.2,Vermont,2021-03
2021-03,Post,WA,44,5.9772727272727275,Washington,WA,53,6.3,Washington,2021-03
2021-03,Post,WI,26,3.8076923076923075,Wisconsin,WI,55,4.8,Wisconsin,2021-03
2021-03,Post,WV,17,5.9411764705882355,West Virginia,WV,54,6.1,West Virginia,2021-03
2021-03,Post,WY,3,5.333333333333333,Wyoming,WY,56,5.9,Wyoming,2021-03
2021-04,Post,AK,7,6.428571428571429,Alaska,AK,2,7.5,Alaska,2021-04
2021-04,Post,AL,20,4.05,Alabama,AL,1,2.9,Alabama,2021-04
2021-04,Post,AR,9,4.111111111111111,Arkansas,AR,5,4.1,Arkansas,2021-04
2021-04,Post,AZ,31,5.870967741935484,Arizona,AZ,4,6.4,Arizona,2021-04
2021-04,Post,CA,234,4.1068376068376065,California,CA,6,8.1,California,2021-04
2021-04,Post,CO,25,6.24,Colorado,CO,8,6.3,Colorado,2021-04
2021-04,Post,CT,12,6.833333333333333,Connecticut,CT,9,7.6,Connecticut,2021-04
2021-04,Post,DC,7,6.0,District of Columbia,DC,11,6.6,District of Columbia,2021-04
2021-04,Post,DE,4,6.75,Delaware,DE,10,6.1,Delaware,2021-04
2021-04,Post,FL,112,6.1875,Florida,FL,12,5.1,Florida,2021-04
2021-04,Post,GA,58,3.9827586206896552,Georgia,GA,13,3.8,Georgia,2021-04
2021-04,Post,HI,4,4.0,Hawaii,HI,15,8.1,Hawaii,2021-04
2021-04,Post,IA,16,3.9375,Iowa,IA,19,3.8,Iowa,2021-04
2021-04,Post,ID,9,3.888888888888889,Idaho,ID,16,3.4,Idaho,2021-04
2021-04,Post,IL,65,5.984615384615385,Illinois,IL,17,7.1,Illinois,2021-04
2021-04,Post,IN,31,4.161290322580645,Indiana,IN,18,4.2,Indiana,2021-04
2021-04,Post,KS,16,4.625,Kansas,KS,20,3.4,Kansas,2021-04
2021-04,Post,KY,21,4.333333333333333,Kentucky,KY,21,3.8,Kentucky,2021-04
2021-04,Post,LA,20,5.55,Louisiana,LA,22,6.6,Louisiana,2021-04
2021-04,Post,MA,46,6.021739130434782,Massachusetts,MA,25,5.9,Massachusetts,2021-04
2021-04,Post,MD,40,6.2,Maryland,MD,24,5.8,Maryland,2021-04
2021-04,Post,ME,8,5.625,Maine,ME,23,5.3,Maine,2021-04
2021-04,Post,MI,52,4.230769230769231,Michigan,MI,26,4.6,Michigan,2021-04
2021-04,Post,MN,35,4.314285714285714,Minnesota,MN,27,4.1,Minnesota,2021-04
2021-04,Post,MO,34,4.147058823529412,Missouri,MO,29,4.0,Missouri,2021-04
2021-04,Post,MS,13,5.923076923076923,Mississippi,MS,28,5.8,Mississippi,2021-04
2021-04,Post,MT,6,4.333333333333333,Montana,MT,30,3.8,Montana,2021-04
2021-04,Post,NC,53,3.9245283018867925,North Carolina,NC,37,4.4,North Carolina,2021-04
2021-04,Post,ND,5,3.8,North Dakota,ND,38,4.1,North Dakota,2021-04
2021-04,Post,NE,13,2.8461538461538463,Nebraska,NE,31,2.4,Nebraska,2021-04
2021-04,Post,NH,4,4.25,New Hampshire,NH,33,2.7,New Hampshire,2021-04
2021-04,Post,NJ,56,5.982142857142857,New Jersey,NJ,34,7.2,New Jersey,2021-04
2021-04,Post,NM,12,5.833333333333333,New Mexico,NM,35,7.6,New Mexico,2021-04
2021-04,Post,NV,23,2.3043478260869565,Nevada,NV,32,7.9,Nevada,2021-04
2021-04,Post,NY,100,5.84,New York,NY,36,7.8,New York,2021-04
2021-04,Post,OH,58,4.017241379310345,Ohio,OH,39,4.7,Ohio,2021-04
2021-04,Post,OK,20,4.45,Oklahoma,OK,40,4.3,Oklahoma,2021-04
2021-04,Post,OR,26,5.846153846153846,Oregon,OR,41,6.2,Oregon,2021-04
2021-04,Post,PA,72,5.986111111111111,Pennsylvania,PA,42,6.1,Pennsylvania,2021-04
2021-04,Post,RI,8,6.0,Rhode Island,RI,44,5.1,Rhode Island,2021-04
2021-04,Post,SC,29,4.0344827586206895,South Carolina,SC,45,4.4,South Carolina,2021-04
2021-04,Post,SD,4,4.0,South Dakota,SD,46,3.0,South Dakota,2021-04
2021-04,Post,TN,34,4.205882352941177,Tennessee,TN,47,4.7,Tennessee,2021-04
2021-04,Post,TX,153,6.078431372549019,Texas,TX,48,6.3,Texas,2021-04
2021-04,Post,UT,12,3.4166666666666665,Utah,UT,49,2.8,Utah,2021-04
2021-04,Post,VA,40,4.0,Virginia,VA,51,3.9,Virginia,2021-04
2021-04,Post,VT,3,4.0,Vermont,VT,50,3.0,Vermont,2021-04
2021-04,Post,WA,52,5.9423076923076925,Washington,WA,53,6.1,Washington,2021-04
2021-04,Post,WI,36,3.638888888888889,Wisconsin,WI,55,4.3,Wisconsin,2021-04
2021-04,Post,WV,8,6.625,West Virginia,WV,54,5.7,West Virginia,2021-04
2021-04,Post,WY,4,6.25,Wyoming,WY,56,5.6,Wyoming,2021-04
